node_idx,y_pred,y_true,prob_class_0,prob_class_1
0,0,0,1.0,0.0
1,0,0,1.0,0.0
2,0,0,1.0,1.4229872e-19
3,0,0,1.0,0.0
4,0,0,1.0,5.812704e-34
5,0,0,1.0,1.1e-44
6,0,0,1.0,0.0
7,0,0,1.0,0.0
8,0,0,1.0,3e-44
9,0,0,1.0,0.0
10,0,1,1.0,0.0
11,0,0,1.0,0.0
12,1,0,1.0746902e-16,1.0
13,0,0,1.0,6.800741e-35
14,0,0,1.0,2.3898214e-17
15,0,0,1.0,0.0
16,0,1,1.0,0.0
17,0,0,1.0,0.0
18,0,0,1.0,4.688943e-24
19,0,1,1.0,0.0
20,1,1,0.0,1.0
21,0,1,1.0,0.0
22,0,0,1.0,0.0
23,1,1,0.0,1.0
24,0,0,1.0,0.0
25,0,0,1.0,0.0
26,0,0,1.0,0.0
27,0,0,1.0,0.0
28,0,0,1.0,1.2075067e-13
29,1,0,1.0234753e-09,1.0
30,0,0,1.0,0.0
31,0,0,1.0,0.0
32,0,0,1.0,0.0
33,0,0,1.0,0.0
34,0,0,1.0,0.0
35,0,0,1.0,4.52647e-35
36,0,0,1.0,0.0
37,0,0,1.0,3.5301814e-29
38,0,1,1.0,0.0
39,0,0,1.0,0.0
40,0,0,1.0,0.0
41,0,0,1.0,0.0
42,0,0,1.0,0.0
43,0,1,1.0,0.0
44,0,0,1.0,0.0
45,0,0,1.0,0.0
46,0,0,1.0,0.0
47,1,0,6.7e-44,1.0
48,0,0,1.0,0.0
49,1,1,0.0,1.0
50,0,0,1.0,0.0
51,0,0,1.0,1.1605951e-16
52,1,1,0.0,1.0
53,0,0,1.0,0.0
54,0,1,1.0,0.0
55,0,0,1.0,0.0
56,0,0,1.0,0.0
57,0,0,1.0,0.0
58,1,1,5.9278376e-22,1.0
59,0,0,1.0,5.3607457e-24
60,0,0,1.0,0.0
61,0,1,1.0,0.0
62,1,1,0.0,1.0
63,0,1,1.0,1.1320683e-30
64,0,0,1.0,0.0
65,0,0,1.0,0.0
66,0,0,1.0,0.0
67,0,0,1.0,4.2545203e-09
68,1,1,0.0,1.0
69,0,0,1.0,0.0
70,1,1,0.0,1.0
71,1,1,0.0,1.0
72,0,0,1.0,0.0
73,0,0,1.0,0.0
74,0,0,1.0,0.0
75,0,0,1.0,0.0
76,0,1,1.0,0.0
77,0,1,1.0,0.0
78,0,1,1.0,9.9161985e-24
79,1,1,0.0,1.0
80,0,0,1.0,0.0
81,0,0,1.0,4.5970208e-10
82,0,0,1.0,0.0
83,0,0,1.0,0.0
84,1,1,1.1230486e-15,1.0
85,1,1,0.0,1.0
86,0,0,1.0,3.0591e-40
87,0,0,1.0,0.0
88,0,0,1.0,0.0
89,1,1,0.0,1.0
90,0,1,1.0,0.0
91,1,1,0.0,1.0
92,0,0,1.0,0.0
93,0,0,1.0,0.0
94,0,0,1.0,0.0
95,0,0,1.0,0.0
96,0,0,1.0,0.0
97,0,0,1.0,0.0
98,0,0,1.0,0.0
99,1,1,0.0,1.0
100,0,0,1.0,0.0
101,0,0,1.0,0.0
102,1,1,0.0,1.0
103,0,0,1.0,0.0
104,0,0,1.0,2.9065144e-32
105,0,0,1.0,0.0
106,1,1,0.0,1.0
107,0,0,1.0,1.2142859e-31
108,0,0,1.0,0.0
109,1,1,0.0,1.0
110,0,0,1.0,0.0
111,0,0,1.0,0.0
112,0,1,1.0,0.0
113,1,1,0.0,1.0
114,0,1,1.0,8.349987e-32
115,1,1,0.0,1.0
116,1,0,0.0,1.0
117,0,0,1.0,0.0
118,0,1,1.0,0.0
119,0,0,1.0,0.0
120,0,1,1.0,0.0
121,0,0,1.0,0.0
122,0,0,1.0,1.1645623e-12
123,0,0,1.0,9.2264923e-10
124,0,0,1.0,0.0
125,1,1,0.0,1.0
126,1,1,0.0,1.0
127,0,0,1.0,0.0
128,0,0,1.0,0.0
129,0,0,1.0,0.0
130,0,0,1.0,0.0
131,1,1,1.0829243e-32,1.0
132,0,0,1.0,0.0
133,0,0,1.0,0.0
134,0,0,1.0,0.0
135,0,0,1.0,0.0
136,0,0,1.0,0.0
137,0,0,1.0,0.0
138,0,0,1.0,0.0
139,0,0,1.0,2.940145e-11
140,0,0,1.0,0.0
141,0,0,1.0,7.6584226e-35
142,0,0,1.0,1.0949433e-29
143,0,0,1.0,3.1891e-41
144,0,0,1.0,0.0
145,0,0,1.0,0.0
146,0,0,1.0,0.0
147,0,1,0.99985933,0.00014060026
148,0,0,1.0,0.0
149,0,0,1.0,0.0
150,0,0,1.0,0.0
151,0,0,1.0,0.0
152,0,0,1.0,2.4009553e-36
153,0,0,1.0,0.0
154,0,0,1.0,1.4118268e-27
155,1,1,0.0,1.0
156,0,0,1.0,0.0
157,0,0,1.0,0.0
158,0,0,1.0,1.0631812e-27
159,0,0,1.0,0.0
160,0,0,1.0,0.0
161,1,1,0.0,1.0
162,0,0,1.0,0.0
163,1,0,0.0,1.0
164,1,1,0.0,1.0
165,0,0,1.0,0.0
166,0,0,1.0,0.0
167,1,1,0.0,1.0
168,0,0,1.0,6e-45
169,0,0,1.0,9.440648e-32
170,0,0,1.0,0.0
171,0,0,1.0,0.0
172,0,1,1.0,0.0
173,0,0,1.0,0.0
174,1,1,0.0,1.0
175,1,1,0.0,1.0
176,0,0,1.0,0.0
177,0,0,1.0,0.0
178,0,0,1.0,0.0
179,0,0,1.0,0.0
180,0,0,1.0,0.0
181,0,1,1.0,2.3586e-40
182,0,0,1.0,6.4861e-11
183,1,1,0.0,1.0
184,1,1,0.0,1.0
185,0,0,1.0,0.0
186,0,0,1.0,0.0
187,0,0,1.0,0.0
188,0,0,1.0,0.0
189,1,1,0.0,1.0
190,0,1,1.0,0.0
191,0,0,1.0,0.0
192,0,0,1.0,1.8044578e-10
193,0,0,1.0,0.0
194,0,0,1.0,0.0
195,1,1,3.4632935e-26,1.0
196,0,0,1.0,0.0
197,0,0,1.0,0.0
198,0,0,1.0,0.0
199,1,1,4.1627447e-29,1.0
200,0,0,1.0,0.0
201,0,0,1.0,0.0
202,0,0,1.0,0.0
203,1,1,5.7630444e-28,1.0
204,0,0,1.0,0.0
205,1,1,0.0,1.0
206,1,1,1.391352e-39,1.0
207,0,0,1.0,0.0
208,1,1,0.0,1.0
209,1,1,0.0,1.0
210,1,1,0.0,1.0
211,1,0,0.0,1.0
212,0,0,1.0,0.0
213,0,0,1.0,2.4442213e-22
214,0,0,1.0,3.733973e-18
215,0,0,1.0,0.0
216,0,0,1.0,2.00361e-29
217,0,0,1.0,0.0
218,0,0,1.0,0.0
219,0,0,1.0,0.0
220,0,1,1.0,0.0
221,1,1,0.0,1.0
222,0,1,1.0,0.0
223,0,0,1.0,0.0
224,0,0,1.0,0.0
225,1,1,0.0,1.0
226,0,1,1.0,0.0
227,0,1,0.700257,0.29974294
228,1,1,0.0,1.0
229,0,0,1.0,0.0
230,0,0,1.0,0.0
231,0,0,1.0,0.0
232,0,0,1.0,0.0
233,0,1,1.0,0.0
234,0,0,1.0,0.0
235,0,0,1.0,0.0
236,0,0,1.0,0.0
237,1,1,0.0,1.0
238,0,0,1.0,0.0
239,0,0,1.0,0.0
240,0,0,1.0,1.4e-43
241,1,1,0.0,1.0
242,1,1,0.0,1.0
243,0,1,1.0,0.0
244,1,1,0.0,1.0
245,0,1,1.0,0.0
246,0,1,1.0,0.0
247,0,0,1.0,0.0
248,1,0,3.309002e-17,1.0
249,1,1,0.0,1.0
250,0,0,1.0,0.0
251,0,0,1.0,0.0
252,0,0,1.0,0.0
253,1,1,0.0,1.0
254,0,0,1.0,0.0
255,0,0,1.0,0.0
256,0,0,1.0,0.0
257,0,0,1.0,0.0
258,1,1,0.0,1.0
259,0,1,1.0,0.0
260,0,0,1.0,4.0843846e-34
261,0,0,1.0,0.0
262,0,0,1.0,0.0
263,1,1,0.0,1.0
264,0,0,1.0,0.0
265,0,0,1.0,0.0
266,1,1,0.0,1.0
267,0,0,1.0,0.0
268,0,0,1.0,0.0
269,1,1,0.0,1.0
270,1,1,7.612481e-11,1.0
271,0,0,1.0,0.0
272,1,1,1.157629e-22,1.0
273,0,0,1.0,0.0
274,0,0,1.0,0.0
275,0,0,1.0,0.0
276,0,0,1.0,0.0
277,0,0,1.0,4.015408e-18
278,1,1,0.0,1.0
279,1,0,0.0,1.0
280,0,0,1.0,0.0
281,0,0,1.0,0.0
282,1,1,0.0,1.0
283,0,0,1.0,0.0
284,0,0,1.0,0.0
285,0,0,1.0,0.0
286,0,0,1.0,5.0728658e-36
287,0,1,0.999997,2.9651262e-06
288,0,0,1.0,4.16e-43
289,0,0,1.0,0.0
290,0,0,1.0,0.0
291,1,1,0.0,1.0
292,0,0,1.0,0.0
293,1,1,0.0,1.0
294,0,0,1.0,0.0
295,0,0,1.0,0.0
296,0,0,1.0,0.0
297,0,1,1.0,0.0
298,1,0,7.078865e-18,1.0
299,0,0,1.0,8.725327e-21
300,0,0,1.0,0.0
301,0,0,1.0,0.0
302,0,0,1.0,0.0
303,0,0,1.0,0.0
304,0,1,1.0,0.0
305,0,0,1.0,0.0
306,1,1,0.0,1.0
307,0,0,1.0,0.0
308,1,0,3.1907838e-38,1.0
309,0,0,1.0,0.0
310,0,0,1.0,0.0
311,1,1,0.0,1.0
312,0,0,1.0,0.0
313,0,1,1.0,9.454605e-15
314,0,0,1.0,0.0
315,1,0,1.5865362e-27,1.0
316,0,0,1.0,0.0
317,1,1,0.0,1.0
318,0,0,1.0,0.0
319,1,0,6.8629006e-34,1.0
320,1,1,0.0,1.0
321,0,0,1.0,0.0
322,0,0,1.0,5.2605e-41
323,1,1,4.8301436e-35,1.0
324,1,1,0.0,1.0
325,0,0,1.0,0.0
326,1,1,0.0,1.0
327,0,0,1.0,0.0
328,1,1,0.0,1.0
329,0,0,1.0,1e-45
330,1,1,0.0,1.0
331,1,1,0.0,1.0
332,0,0,1.0,5.8739357e-19
333,1,1,0.0,1.0
334,0,0,1.0,0.0
335,0,0,1.0,0.0
336,1,1,0.0,1.0
337,0,0,1.0,0.0
338,0,0,1.0,0.0
339,0,0,1.0,0.0
340,0,0,1.0,0.0
341,0,0,1.0,1.7e-44
342,0,0,1.0,0.0
343,1,1,0.0,1.0
344,1,1,0.0,1.0
345,0,0,1.0,9.897e-42
346,0,0,1.0,0.0
347,0,0,1.0,0.0
348,1,0,1.9739968e-32,1.0
349,1,1,0.0,1.0
350,0,0,1.0,0.0
351,0,0,1.0,0.0
352,0,0,1.0,0.0
353,1,1,0.0,1.0
354,0,0,1.0,0.0
355,0,0,1.0,0.0
356,0,1,1.0,0.0
357,1,1,0.0,1.0
358,0,0,1.0,0.0
359,0,0,1.0,0.0
360,0,0,1.0,2.6786078e-32
361,0,0,1.0,0.0
362,0,0,1.0,0.0
363,0,0,1.0,0.0
364,0,0,1.0,0.0
365,1,0,9.901155e-09,1.0
366,0,0,1.0,0.0
367,0,0,1.0,0.0
368,1,1,0.0,1.0
369,0,1,1.0,4.641504e-29
370,1,1,0.0,1.0
371,0,0,1.0,0.0
372,0,0,1.0,0.0
373,0,0,1.0,0.0
374,0,1,1.0,2.2802258e-33
375,0,0,1.0,0.0
376,0,0,1.0,0.0
377,0,0,1.0,0.0
378,0,1,1.0,0.0
379,0,0,1.0,0.0
380,0,0,1.0,0.0
381,1,1,0.0,1.0
382,1,1,0.0,1.0
383,0,0,1.0,0.0
384,1,1,0.0,1.0
385,1,1,0.079732746,0.9202673
386,0,0,1.0,0.0
387,0,1,1.0,0.0
388,0,0,1.0,0.0
389,0,0,1.0,0.0
390,1,0,1.2540663e-14,1.0
391,1,1,3.2471224e-29,1.0
392,1,1,3.2976868e-09,1.0
393,0,0,1.0,0.0
394,1,1,0.0,1.0
395,0,0,1.0,0.0
396,1,0,1.6697388e-14,1.0
397,1,0,0.0002635277,0.9997365
398,0,0,1.0,0.0
399,0,0,1.0,0.0
400,0,0,1.0,0.0
401,0,0,1.0,0.0
402,0,0,1.0,0.0
403,1,1,0.0,1.0
404,0,0,1.0,0.0
405,0,0,1.0,0.0
406,1,0,2.9878996e-14,1.0
407,0,0,1.0,0.0
408,0,0,1.0,4.3596244e-29
409,0,0,1.0,0.0
410,0,0,1.0,0.0
411,1,1,0.0,1.0
412,1,1,0.0,1.0
413,0,0,1.0,0.0
414,0,0,1.0,0.0
415,1,1,0.0,1.0
416,0,1,1.0,0.0
417,0,0,1.0,3e-45
418,1,0,0.0,1.0
419,0,0,1.0,0.0
420,0,0,1.0,3.4987724e-20
421,0,0,1.0,1.02e-43
422,0,0,1.0,0.0
423,1,1,0.0,1.0
424,0,0,1.0,0.0
425,0,0,1.0,0.0
426,0,0,1.0,8.656319e-25
427,0,0,1.0,0.0
428,1,1,4.378127e-20,1.0
429,0,0,1.0,0.0
430,0,0,1.0,1.0406341e-13
431,0,0,1.0,0.0
432,0,1,1.0,2.4881917e-15
433,0,0,1.0,0.0
434,0,0,1.0,0.0
435,1,0,0.0,1.0
436,0,0,1.0,0.0
437,0,0,1.0,0.0
438,0,0,1.0,3.5174748e-16
439,0,1,1.0,8.8248975e-17
440,0,0,1.0,0.0
441,0,0,1.0,0.0
442,0,0,1.0,0.0
443,0,0,1.0,0.0
444,0,1,1.0,0.0
445,1,1,0.0,1.0
446,1,1,0.0,1.0
447,0,1,1.0,0.0
448,1,1,0.0,1.0
449,0,0,1.0,0.0
450,0,0,1.0,0.0
451,0,0,1.0,0.0
452,0,0,1.0,3.959417e-11
453,0,0,1.0,0.0
454,1,1,0.0,1.0
455,0,0,1.0,0.0
456,0,0,1.0,0.0
457,1,1,0.0,1.0
458,0,0,1.0,0.0
459,0,0,1.0,0.0
460,1,1,0.0,1.0
461,0,0,1.0,0.0
462,0,0,1.0,0.0
463,1,1,7.38e-43,1.0
464,0,0,1.0,0.0
465,1,1,0.0,1.0
466,0,0,1.0,0.0
467,1,1,0.0,1.0
468,0,0,1.0,3.746e-42
469,0,0,1.0,0.0
470,0,0,1.0,0.0
471,0,0,1.0,1.761718e-27
472,1,0,0.0,1.0
473,0,0,1.0,0.0
474,0,1,1.0,0.0
475,0,0,1.0,0.0
476,1,1,0.0,1.0
477,0,0,1.0,0.0
478,0,0,1.0,0.0
479,0,0,1.0,0.0
480,0,0,1.0,2.7407632e-29
481,0,0,1.0,0.0
482,0,0,1.0,0.0
483,0,0,1.0,0.0
484,0,0,1.0,0.0
485,0,0,1.0,0.0
486,1,1,0.0,1.0
487,0,0,1.0,0.0
488,0,0,1.0,0.0
489,0,0,1.0,0.0
490,0,0,1.0,0.0
491,0,0,1.0,0.0
492,0,0,1.0,0.0
493,0,0,1.0,0.0
494,1,0,0.0,1.0
495,0,0,1.0,0.0
496,0,1,1.0,0.0
497,0,0,1.0,0.0
498,1,0,2.767752e-16,1.0
499,1,1,0.0,1.0
500,0,0,1.0,4.9e-44
501,1,0,0.0,1.0
502,0,0,1.0,0.0
503,0,0,1.0,0.0
504,0,0,1.0,0.0
505,0,0,1.0,0.0
506,0,0,1.0,0.0
507,0,1,1.0,2.4663447e-29
508,0,0,1.0,0.0
509,0,0,1.0,0.0
510,0,1,1.0,0.0
511,1,0,3.0082737e-33,1.0
512,1,1,3.5927648e-32,1.0
513,0,0,1.0,0.0
514,0,0,1.0,0.0
515,0,0,1.0,0.0
516,0,0,1.0,0.0
517,0,0,1.0,0.0
518,0,0,1.0,0.0
519,0,0,1.0,0.0
520,0,0,1.0,0.0
521,0,0,1.0,0.0
522,0,0,1.0,0.0
523,1,0,7.672634e-35,1.0
524,0,0,1.0,0.0
525,0,0,1.0,0.0
526,0,1,1.0,0.0
527,0,0,1.0,2.0404936e-23
528,0,0,1.0,1.024e-42
529,0,0,1.0,0.0
530,1,1,3.837843e-06,0.9999962
531,0,0,1.0,4e-45
532,1,1,0.0,1.0
533,1,1,0.0,1.0
534,0,0,1.0,0.0
535,0,0,1.0,0.0
536,1,1,0.0,1.0
537,1,1,0.0,1.0
538,0,0,1.0,0.0
539,0,0,1.0,0.0
540,0,0,1.0,0.0
541,0,0,1.0,0.0
542,0,0,1.0,0.0
543,0,0,1.0,0.0
544,1,1,0.0,1.0
545,0,1,1.0,0.0
546,0,0,1.0,0.0
547,0,0,1.0,1.0754205e-08
548,0,1,1.0,3.8930925e-29
549,1,1,1.3676395e-10,1.0
550,0,0,1.0,0.0
551,0,0,1.0,5.863952e-26
552,1,1,0.0,1.0
553,0,1,1.0,1.317511e-17
554,0,0,1.0,6e-45
555,0,0,1.0,0.0
556,0,1,1.0,0.0
557,0,0,1.0,0.0
558,1,1,0.0,1.0
559,0,0,1.0,0.0
560,0,0,1.0,0.0
561,0,0,1.0,1.4693581e-32
562,0,0,1.0,0.0
563,0,1,1.0,0.0
564,1,1,0.0,1.0
565,0,0,1.0,0.0
566,0,0,1.0,3.5e-44
567,0,0,1.0,0.0
568,1,0,0.44590086,0.55409914
569,0,0,1.0,1.5260131e-27
570,0,0,1.0,0.0
571,0,0,1.0,6.469371e-11
572,0,0,1.0,0.0
573,1,1,0.0,1.0
574,0,0,1.0,0.0
575,0,0,1.0,0.0
576,0,0,1.0,0.0
577,0,0,1.0,0.0
578,0,0,1.0,0.0
579,1,1,0.0,1.0
580,0,0,1.0,0.0
581,0,0,1.0,0.0
582,0,0,1.0,0.0
583,0,0,1.0,0.0
584,1,1,0.0,1.0
585,1,1,0.0,1.0
586,0,0,1.0,3.4473665e-21
587,0,0,1.0,0.0
588,0,1,1.0,0.0
589,0,0,1.0,0.0
590,0,0,1.0,0.0
591,0,0,1.0,0.0
592,0,0,1.0,0.0
593,0,0,1.0,0.0
594,0,0,1.0,0.0
595,1,1,0.0,1.0
596,0,0,1.0,3.7610642e-25
597,1,1,0.0,1.0
598,0,0,1.0,0.0
599,0,0,1.0,0.0
600,0,0,1.0,0.0
601,0,0,1.0,0.0
602,1,1,0.0,1.0
603,0,0,1.0,0.0
604,0,1,1.0,0.0
605,0,1,1.0,0.0
606,0,0,1.0,3.9913928e-22
607,0,0,1.0,0.0
608,1,1,0.0,1.0
609,0,1,1.0,0.0
610,0,0,1.0,1.0874293e-30
611,0,0,1.0,0.0
612,1,1,0.0,1.0
613,1,1,0.0,1.0
614,0,0,1.0,0.0
615,0,0,1.0,8.0922373e-13
616,0,0,1.0,0.0
617,1,1,0.0,1.0
618,0,0,1.0,0.0
619,1,1,0.0,1.0
620,0,0,1.0,0.0
621,0,0,1.0,0.0
622,0,0,1.0,0.0
623,0,1,1.0,1.9333597e-16
624,1,0,0.0,1.0
625,0,0,1.0,0.0
626,1,1,0.0,1.0
627,1,1,0.0,1.0
628,0,0,1.0,0.0
629,0,0,1.0,0.0
630,0,0,1.0,0.0
631,0,0,1.0,0.0
632,1,0,0.0,1.0
633,0,0,1.0,0.0
634,0,0,1.0,0.0
635,0,0,1.0,0.0
636,1,1,0.0,1.0
637,1,1,0.0,1.0
638,0,0,1.0,0.0
639,0,0,1.0,0.0
640,0,0,1.0,0.0
641,0,0,1.0,0.0
642,0,0,1.0,0.0
643,0,0,1.0,0.0
644,0,0,1.0,0.0
645,0,0,1.0,0.0
646,0,0,1.0,0.0
647,0,1,1.0,0.0
648,1,1,0.0,1.0
649,0,0,1.0,0.0
650,0,0,1.0,0.0
651,0,0,1.0,0.0
652,0,0,1.0,0.0
653,1,1,0.0,1.0
654,1,1,0.0,1.0
655,0,0,1.0,0.0
656,0,0,1.0,4.5943792e-30
657,1,1,4.0142737e-26,1.0
658,0,0,1.0,0.0
659,0,0,1.0,0.0
660,1,1,0.0,1.0
661,0,0,1.0,7.355e-42
662,0,0,1.0,0.0
663,1,1,1.023e-42,1.0
664,1,1,1.03768515e-20,1.0
665,0,0,1.0,0.0
666,0,1,1.0,0.0
667,1,1,0.0,1.0
668,1,1,0.0,1.0
669,1,0,2.912133e-30,1.0
670,0,1,1.0,4.9070717e-26
671,0,1,1.0,0.0
672,0,0,1.0,3.375351e-30
673,0,0,1.0,0.0
674,0,1,1.0,0.0
675,1,1,0.0,1.0
676,0,0,1.0,2.4401e-41
677,0,0,1.0,1.1282331e-27
678,1,1,0.0,1.0
679,1,1,0.0,1.0
680,1,1,0.0,1.0
681,1,1,0.0,1.0
682,0,1,1.0,0.0
683,0,0,1.0,0.0
684,0,1,1.0,0.0
685,0,0,1.0,0.0
686,0,0,1.0,0.0
687,0,0,1.0,0.0
688,0,0,1.0,0.0
689,0,0,1.0,0.0
690,0,0,1.0,0.0
691,0,0,1.0,0.0
692,0,0,1.0,0.0
693,0,0,1.0,0.0
694,0,0,1.0,0.0
695,1,1,0.0,1.0
696,1,1,0.0,1.0
697,0,0,1.0,0.0
698,0,1,1.0,0.0
699,1,1,0.0,1.0
700,1,0,0.0,1.0
701,1,1,0.0,1.0
702,0,0,1.0,0.0
703,0,1,1.0,0.0
704,1,1,0.0,1.0
705,0,0,1.0,0.0
706,0,0,1.0,0.0
707,0,0,1.0,0.0
708,1,1,0.0,1.0
709,0,1,1.0,0.0
710,1,1,0.0,1.0
711,1,1,0.0,1.0
712,0,0,1.0,0.0
713,0,0,1.0,1.3040592e-19
714,1,1,0.0,1.0
715,0,0,1.0,0.0
716,1,1,0.0,1.0
717,0,0,1.0,4.9418e-41
718,1,1,0.0,1.0
719,0,0,1.0,0.0
720,0,0,1.0,0.0
721,0,0,1.0,0.0
722,0,0,1.0,0.0
723,0,1,1.0,0.0
724,0,0,1.0,0.0
725,0,0,1.0,4.5054402e-18
726,0,0,1.0,0.0
727,0,0,1.0,0.0
728,0,0,0.8685348,0.13146523
729,0,0,1.0,0.0
730,1,0,2.8e-44,1.0
731,1,1,1e-45,1.0
732,0,0,1.0,0.0
733,0,0,1.0,0.0
734,1,0,0.0,1.0
735,1,1,0.0,1.0
736,0,0,1.0,0.0
737,0,1,1.0,0.0
738,0,0,1.0,0.0
739,1,1,0.0,1.0
740,0,0,1.0,0.0
741,1,1,0.0,1.0
742,0,0,1.0,0.0
743,1,1,1.8459201e-19,1.0
744,0,0,1.0,0.0
745,0,0,1.0,0.0
746,1,1,0.0,1.0
747,0,0,1.0,0.0
748,1,1,0.0,1.0
749,0,0,1.0,7.642305e-37
750,0,0,1.0,0.0
751,0,0,1.0,0.0
752,0,1,1.0,0.0
753,0,0,1.0,0.0
754,0,0,1.0,0.0
755,0,0,1.0,0.0
756,0,1,1.0,0.0
757,0,0,1.0,0.0
758,0,0,1.0,9.48421e-40
759,0,0,1.0,0.0
760,0,0,1.0,0.0
761,0,0,1.0,0.0
762,1,1,0.0,1.0
763,1,1,0.0,1.0
764,0,0,1.0,1.98248e-39
765,0,1,1.0,1.37e-42
766,0,0,1.0,2.955e-42
767,1,1,0.0,1.0
768,0,0,1.0,0.0
769,1,1,0.0,1.0
770,0,0,1.0,0.0
771,0,0,1.0,0.0
772,0,0,1.0,0.0
773,0,0,1.0,1.2389953e-25
774,0,0,1.0,0.0
775,0,0,1.0,0.0
776,1,1,0.0,1.0
777,0,0,1.0,0.0
778,0,0,1.0,0.0
779,0,1,1.0,0.0
780,1,1,0.0,1.0
781,0,0,1.0,0.0
782,0,0,1.0,2.9770048e-26
783,0,0,1.0,0.0
784,0,0,1.0,7e-44
785,0,0,1.0,0.0
786,0,0,1.0,0.0
787,0,0,1.0,7.787e-42
788,0,0,1.0,0.0
789,0,1,1.0,0.0
790,0,0,1.0,2.6913408e-38
791,0,0,1.0,0.0
792,0,0,1.0,9.7115454e-30
793,0,0,1.0,0.0
794,0,0,1.0,9.2e-44
795,0,0,1.0,0.0
796,0,1,1.0,0.0
797,0,1,1.0,0.0
798,1,1,0.0,1.0
799,0,0,1.0,6.51811e-22
800,0,0,1.0,0.0
801,0,0,1.0,0.0
802,0,0,1.0,0.0
803,0,0,1.0,0.0
804,0,0,1.0,0.0
805,0,0,1.0,0.0
806,1,1,0.0,1.0
807,1,1,0.0,1.0
808,0,0,1.0,7.020347e-11
809,0,0,1.0,0.0
810,0,1,1.0,0.0
811,1,1,0.0,1.0
812,1,1,0.0,1.0
813,1,1,0.0,1.0
814,0,0,1.0,0.0
815,0,1,1.0,0.0
816,1,1,0.0,1.0
817,1,1,1.2990563e-31,1.0
818,1,1,1.7761884e-24,1.0
819,1,1,0.0,1.0
820,1,1,0.0,1.0
821,1,1,2.0833941e-13,1.0
822,0,0,1.0,0.0
823,1,1,0.0,1.0
824,0,0,1.0,0.0
825,0,0,1.0,1.8873497e-23
826,0,0,1.0,0.0
827,0,0,1.0,0.0
828,0,0,1.0,0.0
829,0,0,1.0,0.0
830,0,0,1.0,0.0
831,1,0,5.4104607e-06,0.99999464
832,0,0,1.0,0.0
833,0,0,1.0,0.0
834,0,0,1.0,0.0
835,0,0,1.0,9.14432e-26
836,0,0,1.0,0.0
837,0,0,1.0,0.0
838,0,0,1.0,4.3137025e-21
839,0,0,1.0,1.6330763e-33
840,0,0,1.0,0.0
841,0,0,1.0,0.0
842,0,0,1.0,0.0
843,1,0,2.0815e-41,1.0
844,0,0,1.0,0.0
845,1,1,0.0,1.0
846,0,0,1.0,0.0
847,0,0,1.0,0.0
848,0,1,1.0,2.2952432e-27
849,0,0,1.0,0.0
850,0,0,1.0,0.0
851,0,0,1.0,0.0
852,0,0,1.0,0.0
853,0,0,1.0,0.0
854,1,1,0.0,1.0
855,1,1,0.0,1.0
856,0,0,1.0,0.0
857,1,1,0.0,1.0
858,0,0,1.0,0.0
859,0,1,1.0,0.0
860,1,1,0.0,1.0
861,0,0,1.0,1.1219826e-37
862,1,1,0.0,1.0
863,0,0,1.0,0.0
864,0,1,1.0,6.7215906e-34
865,0,0,1.0,0.0
866,0,0,1.0,0.0
867,0,0,1.0,0.0
868,0,1,1.0,0.0
869,1,1,0.0,1.0
870,0,0,1.0,0.0
871,0,0,1.0,7.8793533e-10
872,0,0,1.0,0.0
873,0,0,1.0,6.932215e-39
874,0,0,1.0,0.0
875,0,0,1.0,0.0
876,0,0,1.0,0.0
877,0,0,1.0,6e-45
878,0,0,1.0,0.0
879,0,0,1.0,0.0
880,1,1,0.0,1.0
881,0,0,1.0,0.0
882,0,0,1.0,1.178e-42
883,0,0,1.0,0.0
884,0,0,1.0,0.0
885,0,0,1.0,1.1544042e-09
886,0,0,1.0,2.2911322e-34
887,1,1,0.0,1.0
888,0,0,1.0,0.0
889,0,0,1.0,0.0
890,0,1,1.0,7e-45
891,0,0,1.0,0.0
892,0,0,1.0,0.0
893,0,0,1.0,0.0
894,1,1,0.0,1.0
895,0,1,1.0,0.0
896,0,0,1.0,0.0
897,0,0,1.0,0.0
898,0,0,1.0,0.0
899,1,1,0.0,1.0
900,0,0,1.0,0.0
901,0,0,1.0,0.0
902,1,1,0.0,1.0
903,1,1,0.0,1.0
904,1,1,0.0,1.0
905,1,1,0.0,1.0
906,0,0,1.0,3.5853187e-16
907,0,0,1.0,0.0
908,0,1,1.0,0.0
909,0,0,1.0,0.0
910,0,0,1.0,0.0
911,0,0,1.0,0.0
912,0,0,1.0,5.1854915e-26
913,0,0,1.0,0.0
914,0,0,1.0,0.0
915,0,0,1.0,0.0
916,0,0,1.0,0.0
917,0,0,1.0,0.0
918,0,0,1.0,0.0
919,1,1,0.0,1.0
920,0,0,1.0,0.0
921,0,0,1.0,0.0
922,0,0,1.0,0.0
923,1,1,1.05e-43,1.0
924,0,0,1.0,0.0
925,0,0,1.0,0.0
926,1,1,0.0,1.0
927,0,0,1.0,0.0
928,1,0,8.04e-43,1.0
929,1,1,0.0,1.0
930,0,0,1.0,7.1e-44
931,0,0,1.0,0.0
932,1,1,0.0,1.0
933,0,0,1.0,0.0
934,1,1,0.0,1.0
935,1,1,0.0,1.0
936,1,0,0.0,1.0
937,1,1,0.0,1.0
938,0,0,1.0,0.0
939,0,0,1.0,0.0
940,0,1,1.0,0.0
941,0,0,1.0,0.0
942,1,1,0.0,1.0
943,0,0,1.0,0.0
944,1,1,0.0,1.0
945,0,0,1.0,0.0
946,0,0,1.0,0.0
947,0,0,1.0,0.0
948,0,1,1.0,0.0
949,0,0,1.0,0.0
950,1,0,0.001208688,0.9987914
951,1,1,9.6465155e-17,1.0
952,0,0,1.0,0.0
953,0,1,1.0,0.0
954,0,0,1.0,0.0
955,0,0,1.0,0.0
956,1,1,3.9695e-41,1.0
957,0,0,1.0,0.0
958,1,0,0.00019169343,0.9998084
959,0,0,1.0,0.0
960,0,1,1.0,1.8606718e-22
961,0,0,1.0,0.0
962,0,0,1.0,0.0
963,0,0,1.0,4.204216e-09
964,0,0,1.0,0.0
965,1,1,0.0,1.0
966,0,0,1.0,0.0
967,0,0,1.0,2.086119e-39
968,1,1,0.0,1.0
969,0,0,1.0,0.0
970,1,0,0.0010606012,0.99893945
971,0,0,1.0,0.0
972,0,0,1.0,0.0
973,0,0,1.0,0.0
974,1,1,0.0,1.0
975,0,0,1.0,0.0
976,0,1,1.0,0.0
977,0,0,1.0,0.0
978,1,1,0.0,1.0
979,0,0,1.0,0.0
980,0,0,1.0,0.0
981,0,0,1.0,0.0
982,1,1,0.0,1.0
983,0,0,1.0,1.4256491e-27
984,0,0,1.0,0.0
985,0,0,1.0,0.0
986,0,0,1.0,0.0
987,1,1,0.0,1.0
988,0,0,1.0,0.0
989,0,0,1.0,0.0
990,0,0,1.0,5.7e-44
991,0,0,1.0,0.0
992,1,1,0.0,1.0
993,0,0,1.0,3.9205045e-19
994,1,1,0.0,1.0
995,1,1,0.0,1.0
996,0,0,1.0,0.0
997,0,0,1.0,0.0
998,1,1,0.0,1.0
999,0,0,1.0,0.0
1000,0,1,1.0,0.0
1001,0,0,1.0,0.0
1002,0,0,0.9999999,8.068154e-08
1003,0,0,1.0,0.0
1004,1,0,0.0,1.0
1005,1,1,0.0,1.0
1006,1,1,0.0,1.0
1007,1,1,0.0,1.0
1008,1,1,0.39005283,0.60994714
1009,1,1,3.9e-44,1.0
1010,0,0,1.0,0.0
1011,1,1,0.0,1.0
1012,0,0,1.0,0.0
1013,0,0,1.0,0.0
1014,0,0,1.0,2.0463e-41
1015,1,1,0.0,1.0
1016,0,0,1.0,5.888825e-14
1017,0,0,1.0,0.0
1018,1,0,0.0,1.0
1019,0,0,1.0,0.0
1020,0,0,1.0,0.0
1021,0,1,1.0,0.0
1022,1,0,0.02252935,0.97747064
1023,0,0,1.0,5.0810777e-21
1024,0,0,1.0,6.384867e-09
1025,1,1,8.176344e-24,1.0
1026,0,1,1.0,0.0
1027,0,0,1.0,0.0
1028,0,0,1.0,0.0
1029,0,0,1.0,0.0
1030,0,0,1.0,0.0
1031,0,0,1.0,0.0
1032,0,0,1.0,0.0
1033,0,0,1.0,0.0
1034,0,0,1.0,0.0
1035,0,0,1.0,0.0
1036,0,0,1.0,0.0
1037,0,0,1.0,0.0
1038,0,0,1.0,0.0
1039,1,1,0.0,1.0
1040,0,0,1.0,0.0
1041,0,0,1.0,1.7195106e-19
1042,0,1,1.0,0.0
1043,0,0,1.0,1.9104628e-32
1044,1,1,0.0,1.0
1045,0,0,1.0,0.0
1046,0,0,1.0,0.0
1047,1,0,1.25390175e-17,1.0
1048,0,0,1.0,0.0
1049,0,0,1.0,0.0
1050,1,1,0.0,1.0
1051,0,1,1.0,0.0
1052,0,0,1.0,0.0
1053,0,0,1.0,1.8470038e-35
1054,0,0,1.0,0.0
1055,1,0,4.010836e-08,1.0
1056,1,1,0.0,1.0
1057,1,1,0.0,1.0
1058,0,0,1.0,0.0
1059,0,0,1.0,1.524014e-39
1060,1,1,0.0,1.0
1061,0,0,1.0,0.0
1062,0,0,1.0,0.0
1063,0,1,1.0,0.0
1064,0,1,1.0,0.0
1065,0,1,1.0,0.0
1066,0,0,1.0,0.0
1067,0,0,1.0,0.0
1068,0,0,0.9971438,0.0028561542
1069,0,0,1.0,0.0
1070,1,0,0.0,1.0
1071,1,1,0.0,1.0
1072,0,0,1.0,0.0
1073,0,0,1.0,0.0
1074,0,0,1.0,0.0
1075,0,0,1.0,0.0
1076,1,1,0.0,1.0
1077,0,0,1.0,0.0
1078,0,0,1.0,0.0
1079,0,0,0.9999999,9.2729366e-08
1080,0,0,1.0,0.0
1081,0,0,1.0,0.0
1082,1,1,0.0,1.0
1083,0,0,1.0,3.9438926e-25
1084,0,0,1.0,0.0
1085,0,0,1.0,0.0
1086,0,0,1.0,0.0
1087,0,0,1.0,0.0
1088,0,0,1.0,0.0
1089,0,1,1.0,0.0
1090,0,0,1.0,0.0
1091,0,0,1.0,0.0
1092,0,0,1.0,3.3419838e-25
1093,0,0,1.0,0.0
1094,0,1,1.0,8.226357e-12
1095,0,0,1.0,2.402877e-23
1096,0,0,1.0,0.0
1097,1,1,0.0,1.0
1098,0,0,1.0,0.0
1099,0,0,1.0,0.0
1100,0,0,1.0,2.0935e-41
1101,0,0,1.0,0.0
1102,1,1,0.0,1.0
1103,0,0,1.0,0.0
1104,0,0,1.0,0.0
1105,0,0,1.0,1.8005854e-30
1106,0,0,1.0,8.054281e-39
1107,0,0,1.0,0.0
1108,1,1,0.0,1.0
1109,0,0,1.0,0.0
1110,1,1,0.30869475,0.6913053
1111,0,0,1.0,0.0
1112,1,0,0.0,1.0
1113,0,0,1.0,0.0
1114,1,1,0.0,1.0
1115,0,0,1.0,0.0
1116,1,1,5.4e-43,1.0
1117,0,0,1.0,0.0
1118,0,0,1.0,0.0
1119,0,0,1.0,0.0
1120,0,0,1.0,0.0
1121,0,0,1.0,0.0
1122,0,1,1.0,0.0
1123,1,1,0.0,1.0
1124,1,1,0.0,1.0
1125,0,0,1.0,0.0
1126,0,1,0.99999976,2.7767481e-07
1127,0,1,1.0,0.0
1128,1,1,0.0,1.0
1129,0,0,1.0,0.0
1130,1,1,0.0,1.0
1131,0,1,1.0,0.0
1132,0,0,1.0,0.0
1133,0,0,1.0,3.2308279e-35
1134,0,1,1.0,0.0
1135,0,0,1.0,0.0
1136,0,0,1.0,0.0
1137,0,0,1.0,0.0
1138,0,0,1.0,1.521768e-29
1139,0,1,1.0,0.0
1140,0,0,1.0,0.0
1141,0,0,1.0,0.0
1142,0,0,1.0,0.0
1143,0,0,1.0,0.0
1144,1,1,0.0,1.0
1145,0,0,1.0,0.0
1146,0,0,1.0,0.0
1147,0,0,1.0,0.0
1148,1,1,0.0,1.0
1149,0,0,1.0,0.0
1150,0,0,1.0,0.0
1151,1,1,0.0,1.0
1152,0,1,1.0,1.09467e-40
1153,0,0,1.0,0.0
1154,0,0,1.0,0.0
1155,0,0,1.0,2.2073563e-19
1156,0,0,1.0,1.7001028e-31
1157,0,0,1.0,0.0
1158,0,0,1.0,3.5955744e-10
1159,1,0,1.1589799e-24,1.0
1160,0,0,1.0,0.0
1161,0,0,1.0,0.0
1162,1,0,0.0,1.0
1163,1,0,0.0,1.0
1164,0,1,1.0,3.886946e-38
1165,0,0,1.0,0.0
1166,0,0,1.0,1.2468621e-16
1167,1,1,0.0,1.0
1168,0,1,1.0,0.0
1169,1,1,0.0,1.0
1170,0,0,1.0,0.0
1171,0,0,1.0,0.0
1172,0,0,1.0,0.0
1173,1,1,0.0,1.0
1174,0,0,1.0,5.9897533e-38
1175,0,0,1.0,0.0
1176,1,0,8.02286e-29,1.0
1177,0,0,1.0,0.0
1178,0,0,1.0,0.0
1179,0,0,1.0,0.0
1180,1,1,0.0,1.0
1181,0,0,1.0,0.0
1182,1,1,0.0,1.0
1183,0,0,1.0,7.221028e-30
1184,1,1,0.0,1.0
1185,1,0,0.0,1.0
1186,0,1,1.0,0.0
1187,0,0,1.0,0.0
1188,0,0,1.0,0.0
1189,0,0,1.0,0.0
1190,0,0,1.0,0.0
1191,1,1,0.0,1.0
1192,0,0,1.0,0.0
1193,0,0,1.0,0.0
1194,0,0,1.0,0.0
1195,0,0,1.0,0.0
1196,0,0,1.0,0.0
1197,0,0,1.0,0.0
1198,0,0,1.0,0.0
1199,1,1,0.0,1.0
1200,1,1,0.0,1.0
1201,0,0,1.0,0.0
1202,0,0,1.0,0.0
1203,1,1,0.0,1.0
1204,1,1,0.0,1.0
1205,0,0,1.0,1.3e-44
1206,1,1,0.0,1.0
1207,0,0,1.0,0.0
1208,1,1,0.0,1.0
1209,0,1,1.0,0.0
1210,0,0,1.0,0.0
1211,0,0,1.0,0.0
1212,0,0,1.0,0.0
1213,0,0,1.0,0.0
1214,0,0,1.0,0.0
1215,0,0,1.0,0.0
1216,0,1,1.0,0.0
1217,0,1,1.0,0.0
1218,1,1,0.0,1.0
1219,0,1,1.0,0.0
1220,0,0,1.0,0.0
1221,0,0,1.0,0.0
1222,0,0,1.0,0.0
1223,1,1,0.0,1.0
1224,1,1,0.0,1.0
1225,1,1,0.0,1.0
1226,0,0,1.0,0.0
1227,0,0,1.0,0.0
1228,0,0,1.0,0.0
1229,1,1,0.0,1.0
1230,0,0,1.0,0.0
1231,1,1,1.3182614e-30,1.0
1232,0,0,1.0,0.0
1233,0,0,1.0,0.0
1234,1,1,0.0,1.0
1235,0,0,1.0,0.0
1236,0,0,1.0,0.0
1237,0,0,1.0,0.0
1238,0,0,0.9999995,4.959492e-07
1239,0,0,1.0,0.0
1240,1,1,0.0,1.0
1241,0,0,1.0,8.374623e-30
1242,0,0,1.0,0.0
1243,0,1,1.0,1.7010334e-20
1244,0,0,1.0,0.0
1245,0,0,1.0,0.0
1246,1,1,1.5377024e-13,1.0
1247,0,0,1.0,3.424622e-38
1248,0,0,1.0,0.0
1249,0,0,1.0,0.0
1250,0,0,1.0,0.0
1251,0,0,1.0,0.0
1252,0,0,1.0,0.0
1253,0,0,1.0,0.0
1254,0,0,1.0,6.2377e-41
1255,0,0,1.0,0.0
1256,1,0,0.0,1.0
1257,0,0,1.0,0.0
1258,1,0,1.1432676e-33,1.0
1259,0,0,1.0,0.0
1260,0,1,1.0,0.0
1261,1,1,7.1351603e-22,1.0
1262,0,0,1.0,5.9e-44
1263,0,0,1.0,2.2293448e-31
1264,0,0,1.0,0.0
1265,1,0,0.0,1.0
1266,1,1,0.0,1.0
1267,0,0,1.0,9.923948e-18
1268,0,0,1.0,0.0
1269,1,1,0.0,1.0
1270,0,0,1.0,0.0
1271,0,0,1.0,0.0
1272,0,0,1.0,0.0
1273,0,0,1.0,0.0
1274,0,0,1.0,0.0
1275,0,1,1.0,8.87588e-40
1276,0,0,1.0,0.0
1277,0,0,1.0,0.0
1278,0,0,1.0,0.0
1279,1,1,6.15e-43,1.0
1280,0,0,1.0,0.0
1281,0,0,1.0,0.0
1282,0,0,1.0,0.0
1283,1,1,0.0,1.0
1284,0,0,1.0,0.0
1285,0,0,1.0,0.0
1286,0,0,1.0,1.6706382e-09
1287,0,0,1.0,0.0
1288,0,0,1.0,0.0
1289,0,0,1.0,0.0
1290,0,0,1.0,0.0
1291,0,0,1.0,0.0
1292,0,0,1.0,0.0
1293,1,1,0.0,1.0
1294,0,0,1.0,1.693358e-24
1295,1,1,0.0,1.0
1296,0,0,1.0,0.0
1297,0,0,1.0,0.0
1298,1,0,0.0,1.0
1299,1,1,0.0,1.0
1300,0,1,1.0,0.0
1301,0,0,1.0,0.0
1302,0,0,1.0,0.0
1303,0,0,1.0,2.8258392e-33
1304,1,1,0.0,1.0
1305,0,0,1.0,0.0
1306,0,0,1.0,3.09338e-16
1307,0,0,1.0,0.0
1308,0,0,1.0,0.0
1309,1,1,0.0,1.0
1310,1,1,0.0,1.0
1311,0,0,1.0,0.0
1312,0,0,1.0,0.0
1313,0,0,1.0,0.0
1314,1,1,1.8346556e-16,1.0
1315,0,0,1.0,0.0
1316,0,0,1.0,0.0
1317,1,1,0.0,1.0
1318,0,0,1.0,0.0
1319,0,0,1.0,0.0
1320,0,0,1.0,0.0
1321,1,1,0.0,1.0
1322,0,0,1.0,0.0
1323,0,0,1.0,6.529e-42
1324,0,1,1.0,0.0
1325,0,0,1.0,0.0
1326,0,0,1.0,0.0
1327,0,0,1.0,0.0
1328,0,0,1.0,0.0
1329,1,1,0.0,1.0
1330,0,0,1.0,0.0
1331,0,0,1.0,1.7268315e-10
1332,0,0,1.0,0.0
1333,1,1,0.0,1.0
1334,1,1,0.0,1.0
1335,0,0,1.0,0.0
1336,1,1,0.0,1.0
1337,0,0,1.0,0.0
1338,0,0,1.0,0.0
1339,0,0,1.0,0.0
1340,0,0,1.0,0.0
1341,0,0,1.0,3.6634925e-21
1342,1,1,0.0,1.0
1343,1,0,1.25e-43,1.0
1344,1,1,0.0,1.0
1345,0,0,1.0,3.1022413e-32
1346,0,0,1.0,0.0
1347,1,1,0.0,1.0
1348,0,0,1.0,0.0
1349,0,0,1.0,0.0
1350,0,1,1.0,0.0
1351,0,0,1.0,0.0
1352,0,0,1.0,0.0
1353,0,0,1.0,0.0
1354,1,1,0.0,1.0
1355,0,0,1.0,0.0
1356,0,0,1.0,0.0
1357,0,0,1.0,3.2789838e-24
1358,1,1,0.0,1.0
1359,0,0,1.0,0.0
1360,1,1,0.0,1.0
1361,0,1,1.0,0.0
1362,0,0,1.0,0.0
1363,0,1,1.0,3.416e-42
1364,1,0,0.0,1.0
1365,0,0,1.0,0.0
1366,0,0,1.0,0.0
1367,0,0,1.0,5.4516026e-26
1368,0,0,1.0,0.0
1369,1,1,0.0,1.0
1370,1,1,0.0,1.0
1371,0,1,1.0,0.0
1372,0,1,1.0,0.0
1373,0,0,1.0,0.0
1374,0,0,1.0,0.0
1375,0,0,1.0,0.0
1376,0,0,1.0,7.389789e-30
1377,1,0,2.7069e-41,1.0
1378,0,0,1.0,0.0
1379,0,0,1.0,0.0
1380,0,0,0.9999999,1.0486391e-07
1381,1,1,6.6272917e-17,1.0
1382,0,0,1.0,9.238981e-13
1383,1,1,0.0,1.0
1384,1,1,0.0,1.0
1385,1,1,0.0,1.0
1386,0,0,1.0,4.6926748e-20
1387,1,1,0.0,1.0
1388,0,0,1.0,0.0
1389,0,0,0.97050685,0.029493164
1390,0,0,1.0,0.0
1391,0,1,1.0,0.0
1392,0,0,1.0,0.0
1393,0,0,1.0,0.0
1394,0,1,1.0,5.429741e-36
1395,1,0,0.0,1.0
1396,0,0,1.0,0.0
1397,0,0,1.0,0.0
1398,0,0,1.0,0.0
1399,1,1,0.0,1.0
1400,1,1,0.0,1.0
1401,0,0,1.0,0.0
1402,0,0,1.0,0.0
1403,0,0,1.0,0.0
1404,1,0,6.1693895e-36,1.0
1405,0,0,1.0,0.0
1406,0,0,1.0,0.0
1407,1,1,0.0,1.0
1408,0,0,1.0,0.0
1409,0,0,1.0,0.0
1410,1,1,0.0,1.0
1411,0,1,1.0,1.2136904e-28
1412,1,1,0.0,1.0
1413,0,1,1.0,1.8649174e-26
1414,0,0,1.0,0.0
1415,1,1,0.0,1.0
1416,1,1,0.0,1.0
1417,0,0,1.0,0.0
1418,0,0,1.0,0.0
1419,1,1,0.0,1.0
1420,0,1,1.0,0.0
1421,0,0,1.0,0.0
1422,1,1,0.0,1.0
1423,0,0,1.0,6.35e-43
1424,0,0,1.0,1.08e-42
1425,0,0,1.0,0.0
1426,1,1,0.0,1.0
1427,0,1,1.0,0.0
1428,0,0,1.0,0.0
1429,0,0,1.0,0.0
1430,0,0,1.0,4.041938e-31
1431,1,1,0.0,1.0
1432,0,0,1.0,0.0
1433,0,0,1.0,0.0
1434,0,0,1.0,0.0
1435,0,0,1.0,0.0
1436,0,0,1.0,3.566e-42
1437,1,1,0.0,1.0
1438,0,0,1.0,0.0
1439,0,0,1.0,0.0
1440,1,1,2.3042369e-33,1.0
1441,0,0,1.0,0.0
1442,0,0,1.0,0.0
1443,0,0,1.0,0.0
1444,0,0,1.0,0.0
1445,0,0,1.0,2.4450345e-28
1446,1,0,0.0,1.0
1447,0,1,1.0,0.0
1448,1,1,0.0,1.0
1449,1,1,0.0,1.0
1450,0,0,1.0,0.0
1451,0,0,1.0,2.4319978e-24
1452,1,1,1.8450899e-26,1.0
1453,0,0,1.0,3e-45
1454,0,0,1.0,0.0
1455,0,0,1.0,0.0
1456,1,1,2.155e-42,1.0
1457,0,0,0.9999795,2.0482936e-05
1458,0,0,1.0,0.0
1459,0,0,1.0,0.0
1460,0,0,1.0,0.0
1461,0,1,1.0,0.0
1462,1,1,0.0,1.0
1463,0,0,1.0,0.0
1464,0,0,1.0,1.2060425e-36
1465,1,1,0.0,1.0
1466,0,0,1.0,0.0
1467,0,0,1.0,3.0435425e-37
1468,0,0,1.0,0.0
1469,0,0,1.0,0.0
1470,0,0,1.0,0.0
1471,0,1,1.0,0.0
1472,0,0,1.0,0.0
1473,0,0,1.0,0.0
1474,1,1,1.1591659e-16,1.0
1475,0,0,1.0,0.0
1476,1,1,0.0,1.0
1477,1,1,0.0,1.0
1478,0,0,1.0,0.0
1479,1,1,0.0,1.0
1480,0,0,1.0,0.0
1481,0,0,1.0,0.0
1482,1,1,0.0,1.0
1483,0,0,1.0,0.0
1484,0,0,1.0,0.0
1485,1,1,0.0,1.0
1486,0,0,1.0,0.0
1487,0,0,1.0,0.0
1488,0,0,1.0,3e-45
1489,0,0,1.0,0.0
1490,0,0,1.0,3.7551205e-37
1491,0,0,1.0,0.0
1492,1,1,0.0,1.0
1493,1,1,0.0,1.0
1494,1,1,0.0,1.0
1495,0,0,1.0,0.0
1496,0,1,1.0,0.0
1497,0,0,1.0,0.0
1498,1,1,0.0,1.0
1499,0,0,1.0,0.0
1500,0,0,1.0,0.0
1501,0,0,1.0,0.0
1502,0,0,1.0,0.0
1503,0,1,1.0,6.3143885e-22
1504,1,1,0.00081413664,0.99918586
1505,0,0,1.0,0.0
1506,0,0,1.0,0.0
1507,0,0,1.0,0.0
1508,0,1,1.0,4.200002e-38
1509,0,0,1.0,0.0
1510,0,0,1.0,0.0
1511,0,0,1.0,0.0
1512,1,1,0.0,1.0
1513,0,1,1.0,5.1377616e-34
1514,1,1,0.0,1.0
1515,0,0,1.0,0.0
1516,0,0,1.0,3.83598e-38
1517,0,0,1.0,0.0
1518,0,0,1.0,0.0
1519,0,0,1.0,1.7543371e-24
1520,1,1,0.0,1.0
1521,0,0,1.0,2.9845513e-21
1522,0,0,1.0,0.0
1523,0,0,1.0,6.746369e-37
1524,0,0,1.0,0.0
1525,0,0,1.0,0.0
1526,1,1,8.601419e-24,1.0
1527,0,0,1.0,0.0
1528,1,1,0.0,1.0
1529,1,1,0.0,1.0
1530,0,0,1.0,0.0
1531,0,0,1.0,0.0
1532,0,0,1.0,4.6475554e-10
1533,0,0,1.0,0.0
1534,0,0,0.99999976,2.2425671e-07
1535,0,0,1.0,0.0
1536,0,0,1.0,0.0
1537,0,0,1.0,0.0
1538,0,0,1.0,0.0
1539,1,1,0.0,1.0
1540,0,0,1.0,0.0
1541,0,0,1.0,0.0
1542,1,1,0.0,1.0
1543,0,0,1.0,0.0
1544,0,0,1.0,0.0
1545,0,0,1.0,0.0
1546,0,0,1.0,0.0
1547,0,0,1.0,0.0
1548,0,0,1.0,0.0
1549,0,1,1.0,0.0
1550,1,1,0.0,1.0
1551,0,0,1.0,0.0
1552,0,0,1.0,0.0
1553,0,0,1.0,0.0
1554,0,0,1.0,0.0
1555,1,1,0.0,1.0
1556,0,0,1.0,0.0
1557,0,1,1.0,0.0
1558,1,1,4.9963e-41,1.0
1559,0,1,1.0,0.0
1560,0,0,1.0,0.0
1561,0,0,1.0,0.0
1562,0,1,1.0,1.331e-42
1563,0,0,1.0,0.0
1564,0,0,1.0,0.0
1565,1,1,0.0,1.0
1566,0,0,1.0,0.0
1567,0,0,1.0,0.0
1568,0,0,1.0,1.4571135e-37
1569,1,1,0.0,1.0
1570,0,0,1.0,0.0
1571,1,1,1.04709134e-16,1.0
1572,0,0,1.0,0.0
1573,0,0,1.0,0.0
1574,0,0,1.0,0.0
1575,0,0,1.0,5.797019e-29
1576,0,0,1.0,0.0
1577,0,0,1.0,0.0
1578,0,0,1.0,2.847568e-33
1579,1,0,0.0,1.0
1580,1,1,0.0,1.0
1581,1,1,0.0,1.0
1582,0,0,1.0,0.0
1583,0,0,1.0,0.0
1584,0,0,0.9999504,4.9591945e-05
1585,0,0,1.0,0.0
1586,0,0,1.0,0.0
1587,0,0,1.0,0.0
1588,1,1,0.0,1.0
1589,0,0,1.0,0.0
1590,1,1,2.9909817e-27,1.0
1591,0,0,1.0,0.0
1592,1,1,0.0,1.0
1593,0,0,1.0,0.0
1594,1,0,1.3669988e-31,1.0
1595,1,0,1.4379005e-26,1.0
1596,0,0,1.0,0.0
1597,0,1,1.0,0.0
1598,0,0,1.0,0.0
1599,0,0,1.0,1.4e-44
1600,0,0,1.0,0.0
1601,0,0,1.0,0.0
1602,0,0,1.0,0.0
1603,0,0,1.0,0.0
1604,1,1,0.0,1.0
1605,0,0,1.0,0.0
1606,0,0,1.0,0.0
1607,0,0,1.0,0.0
1608,0,0,1.0,0.0
1609,0,0,1.0,4.9256838e-23
1610,1,0,0.0,1.0
1611,0,0,1.0,0.0
1612,0,0,1.0,6.6707174e-16
1613,1,1,0.0,1.0
1614,0,0,1.0,0.0
1615,0,0,1.0,0.0
1616,0,0,1.0,1.2588062e-22
1617,1,1,0.0,1.0
1618,0,0,1.0,0.0
1619,0,0,1.0,0.0
1620,0,0,1.0,0.0
1621,0,1,0.9999999,6.829354e-08
1622,0,0,1.0,0.0
1623,1,1,5.021073e-15,1.0
1624,0,0,1.0,0.0
1625,0,0,1.0,0.0
1626,1,1,3.9594897e-35,1.0
1627,1,1,0.0,1.0
1628,0,0,1.0,0.0
1629,0,0,1.0,0.0
1630,1,1,0.0,1.0
1631,0,1,1.0,0.0
1632,1,1,0.0,1.0
1633,1,1,0.0,1.0
1634,1,1,0.0,1.0
1635,1,1,0.0,1.0
1636,0,0,1.0,0.0
1637,0,0,1.0,0.0
1638,0,0,1.0,0.0
1639,0,0,1.0,0.0
1640,0,0,1.0,3.506316e-23
1641,0,1,1.0,0.0
1642,1,1,4.088e-42,1.0
1643,1,1,0.0,1.0
1644,1,1,0.0,1.0
1645,0,0,1.0,0.0
1646,0,0,1.0,0.0
1647,1,0,0.0,1.0
1648,0,0,1.0,0.0
1649,1,0,0.0,1.0
1650,1,1,0.0,1.0
1651,0,0,1.0,0.0
1652,0,0,1.0,0.0
1653,0,0,1.0,0.0
1654,0,0,1.0,0.0
1655,0,0,1.0,6.3857813e-20
1656,0,0,1.0,0.0
1657,1,1,0.0,1.0
1658,0,0,1.0,0.0
1659,0,0,1.0,0.0
1660,0,0,1.0,0.0
1661,0,0,1.0,6e-44
1662,0,0,1.0,0.0
1663,1,1,0.0,1.0
1664,1,1,0.0,1.0
1665,0,0,1.0,0.0
1666,1,1,3.0925413e-09,1.0
1667,0,0,1.0,0.0
1668,0,0,1.0,0.0
1669,0,0,1.0,0.0
1670,0,0,1.0,0.0
1671,1,1,0.0,1.0
1672,0,0,1.0,0.0
1673,0,0,1.0,0.0
1674,0,0,1.0,0.0
1675,0,0,1.0,0.0
1676,0,0,1.0,0.0
1677,0,0,1.0,0.0
1678,0,0,1.0,0.0
1679,0,1,1.0,0.0
1680,0,1,1.0,0.0
1681,0,0,1.0,0.0
1682,0,1,1.0,0.0
1683,1,1,0.0,1.0
1684,0,0,1.0,0.0
1685,0,0,1.0,0.0
1686,0,0,1.0,6.377671e-36
1687,0,0,1.0,0.0
1688,0,1,1.0,0.0
1689,0,1,1.0,0.0
1690,0,0,1.0,1.7274163e-08
1691,0,0,1.0,0.0
1692,0,0,1.0,0.0
1693,1,1,0.0,1.0
1694,0,0,1.0,0.0
1695,0,0,1.0,0.0
1696,1,1,0.0,1.0
1697,1,1,0.0,1.0
1698,1,1,0.0,1.0
1699,0,0,1.0,2.5663111e-17
1700,0,0,1.0,0.0
1701,0,0,1.0,0.0
1702,1,1,0.0,1.0
1703,1,1,0.0,1.0
1704,1,1,0.0,1.0
1705,1,1,0.0,1.0
1706,1,0,0.004380838,0.9956191
1707,0,0,1.0,0.0
1708,0,0,1.0,0.0
1709,0,1,1.0,0.0
1710,0,0,1.0,0.0
1711,1,1,0.0,1.0
1712,0,0,1.0,0.0
1713,0,0,1.0,0.0
1714,0,0,1.0,0.0
1715,1,1,0.0,1.0
1716,0,0,1.0,2.4190786e-26
1717,0,0,1.0,0.0
1718,0,0,1.0,0.0
1719,0,0,1.0,0.0
1720,0,0,1.0,0.0
1721,0,0,1.0,1e-45
1722,0,0,1.0,1e-45
1723,0,0,1.0,3.292375e-21
1724,0,0,1.0,1.4403674e-16
1725,0,0,1.0,0.0
1726,0,0,1.0,0.0
1727,1,1,0.0,1.0
1728,1,1,3.1e-44,1.0
1729,1,1,0.0,1.0
1730,0,0,1.0,8.2780927e-16
1731,1,1,0.0,1.0
1732,0,0,1.0,0.0
1733,1,1,1.1521778e-32,1.0
1734,0,0,1.0,0.0
1735,1,1,0.0,1.0
1736,1,0,0.0,1.0
1737,0,0,1.0,0.0
1738,0,0,1.0,0.0
1739,0,0,1.0,0.0
1740,0,0,1.0,7.2747233e-37
1741,1,1,0.0,1.0
1742,0,0,1.0,6e-45
1743,1,1,1.673871e-33,1.0
1744,0,0,1.0,1.4865208e-23
1745,1,1,0.0,1.0
1746,0,0,1.0,0.0
1747,0,1,1.0,0.0
1748,1,0,0.0,1.0
1749,0,0,1.0,0.0
1750,0,0,1.0,0.0
1751,1,1,0.0,1.0
1752,1,1,0.0,1.0
1753,1,1,0.0,1.0
1754,1,1,0.0,1.0
1755,0,0,1.0,0.0
1756,0,0,1.0,0.0
1757,1,1,0.0,1.0
1758,0,0,1.0,4.016e-42
1759,0,0,1.0,0.0
1760,1,1,2.876263e-15,1.0
1761,0,0,1.0,0.0
1762,1,1,0.0,1.0
1763,0,0,1.0,0.0
1764,0,0,1.0,0.0
1765,0,0,1.0,0.0
1766,1,1,0.0,1.0
1767,0,1,0.99999964,4.0176064e-07
1768,0,0,1.0,8.2770024e-35
1769,0,1,1.0,0.0
1770,0,0,1.0,0.0
1771,0,0,1.0,0.0
1772,0,0,1.0,0.0
1773,0,0,1.0,4e-44
1774,0,0,1.0,1.3405e-41
1775,0,0,1.0,0.0
1776,0,1,1.0,0.0
1777,0,0,1.0,0.0
1778,0,0,1.0,0.0
1779,0,0,1.0,0.0
1780,0,0,1.0,0.0
1781,1,1,0.0,1.0
1782,0,0,1.0,0.0
1783,0,0,1.0,0.0
1784,0,0,1.0,0.0
1785,0,0,1.0,0.0
1786,1,1,0.0,1.0
1787,0,1,1.0,0.0
1788,0,0,1.0,1.024e-42
1789,1,1,0.0,1.0
1790,0,0,1.0,8.988331e-14
1791,0,1,1.0,0.0
1792,0,0,1.0,0.0
1793,0,1,1.0,0.0
1794,0,0,1.0,0.0
1795,0,0,1.0,0.0
1796,1,1,0.0,1.0
1797,1,0,0.006018889,0.99398106
1798,0,0,1.0,0.0
1799,0,0,1.0,0.0
1800,0,0,1.0,0.0
1801,0,0,1.0,0.0
1802,0,0,1.0,0.0
1803,1,1,7.408734e-36,1.0
1804,0,0,1.0,0.0
1805,0,0,1.0,0.0
1806,0,0,1.0,0.0
1807,0,0,1.0,0.0
1808,0,0,1.0,5.48167e-40
1809,0,0,1.0,2.66e-43
1810,1,1,4.1389323e-13,1.0
1811,0,1,1.0,0.0
1812,0,0,1.0,0.0
1813,0,0,1.0,0.0
1814,0,0,1.0,0.0
1815,0,0,1.0,0.0
1816,0,0,1.0,0.0
1817,1,1,0.0,1.0
1818,0,1,1.0,0.0
1819,1,1,0.0,1.0
1820,0,0,1.0,0.0
1821,0,0,1.0,0.0
1822,1,1,0.0,1.0
1823,1,1,0.0,1.0
1824,0,1,1.0,0.0
1825,0,0,1.0,0.0
1826,0,0,1.0,0.0
1827,0,0,1.0,0.0
1828,0,0,1.0,0.0
1829,0,0,1.0,0.0
1830,0,0,1.0,0.0
1831,0,0,1.0,2.3941e-41
1832,0,0,1.0,0.0
1833,1,1,0.0,1.0
1834,0,0,1.0,0.0
1835,0,0,1.0,0.0
1836,0,0,1.0,0.0
1837,0,0,1.0,0.0
1838,0,0,1.0,0.0
1839,1,1,0.0,1.0
1840,0,0,1.0,0.0
1841,0,0,1.0,0.0
1842,0,0,1.0,0.0
1843,1,1,5.7e-44,1.0
1844,0,0,1.0,0.0
1845,0,0,1.0,2.5571273e-23
1846,0,1,1.0,4.3e-44
1847,0,0,1.0,4.8555475e-34
1848,1,1,2.9963e-41,1.0
1849,0,0,1.0,0.0
1850,1,1,0.0,1.0
1851,0,0,1.0,6.1380666e-16
1852,0,0,1.0,0.0
1853,0,0,1.0,0.0
1854,0,0,1.0,0.0
1855,0,1,1.0,0.0
1856,1,1,0.0,1.0
1857,1,1,0.0,1.0
1858,0,0,1.0,0.0
1859,0,0,1.0,0.0
1860,0,0,1.0,0.0
1861,0,0,1.0,0.0
1862,0,0,1.0,0.0
1863,0,0,1.0,1.3619603e-31
1864,0,0,1.0,0.0
1865,1,1,2.348353e-37,1.0
1866,0,0,1.0,0.0
1867,0,0,1.0,0.0
1868,0,0,1.0,0.0
1869,1,1,0.0,1.0
1870,1,1,0.0,1.0
1871,0,0,1.0,1.869493e-38
1872,0,0,1.0,0.0
1873,0,0,1.0,0.0
1874,1,1,0.0,1.0
1875,0,0,1.0,0.0
1876,0,0,1.0,0.0
1877,0,0,1.0,0.0
1878,0,0,1.0,0.0
1879,0,1,1.0,0.0
1880,1,1,6.043237e-28,1.0
1881,1,1,0.0,1.0
1882,1,0,0.0,1.0
1883,1,1,0.0,1.0
1884,1,1,0.0,1.0
1885,0,0,1.0,0.0
1886,0,0,1.0,0.0
1887,1,1,0.0,1.0
1888,0,0,1.0,0.0
1889,0,0,1.0,0.0
1890,0,0,1.0,0.0
1891,1,1,0.0,1.0
1892,1,0,1.6742514e-14,1.0
1893,0,0,1.0,0.0
1894,1,1,0.0,1.0
1895,0,0,1.0,0.0
1896,1,0,0.025413418,0.9745866
1897,0,0,1.0,0.0
1898,0,0,1.0,0.0
1899,0,0,1.0,0.0
1900,0,0,1.0,0.0
1901,0,0,1.0,0.0
1902,0,0,1.0,0.0
1903,0,0,1.0,0.0
1904,0,1,1.0,0.0
1905,1,1,0.0,1.0
1906,0,0,1.0,3e-45
1907,0,0,1.0,0.0
1908,1,1,0.0,1.0
1909,1,1,0.0,1.0
1910,0,0,1.0,0.0
1911,0,0,1.0,0.0
1912,0,0,1.0,0.0
1913,0,0,1.0,0.0
1914,0,0,1.0,0.0
1915,0,0,1.0,0.0
1916,1,1,0.0,1.0
1917,1,0,6e-45,1.0
1918,0,0,1.0,0.0
1919,0,0,1.0,0.0
1920,1,1,0.0,1.0
1921,1,0,5.6882363e-21,1.0
1922,0,0,1.0,0.0
1923,0,0,1.0,0.0
1924,0,0,1.0,4.4522994e-28
1925,0,0,1.0,0.0
1926,0,0,1.0,0.0
1927,1,1,1.523817e-16,1.0
1928,0,0,1.0,0.0
1929,0,0,1.0,0.0
1930,1,1,6.18045e-17,1.0
1931,0,0,1.0,0.0
1932,1,0,0.0,1.0
1933,0,0,1.0,0.0
1934,1,1,8.063256e-32,1.0
1935,1,1,0.0,1.0
1936,0,0,1.0,0.0
1937,0,1,1.0,0.0
1938,0,0,1.0,0.0
1939,1,0,3.1263007e-06,0.9999969
1940,1,1,0.0,1.0
1941,0,0,1.0,1.1140862e-33
1942,1,1,0.0,1.0
1943,0,0,1.0,0.0
1944,0,0,1.0,7.17606e-40
1945,0,0,1.0,0.0
1946,1,1,0.0,1.0
1947,0,0,1.0,0.0
1948,0,0,1.0,0.0
1949,0,0,1.0,2.2338015e-12
1950,1,1,0.0,1.0
1951,0,0,1.0,0.0
1952,1,0,1.8600524e-09,1.0
1953,1,1,0.0,1.0
1954,0,0,1.0,0.0
1955,1,1,2.6285824e-10,1.0
1956,0,0,1.0,0.0
1957,0,0,1.0,0.0
1958,1,1,0.0,1.0
1959,0,0,1.0,0.0
1960,0,0,1.0,0.0
1961,0,0,1.0,0.0
1962,1,1,0.0,1.0
1963,0,1,1.0,0.0
1964,0,0,1.0,2.0791482e-19
1965,0,0,1.0,0.0
1966,0,0,1.0,0.0
1967,0,0,1.0,0.0
1968,0,0,1.0,0.0
1969,0,0,0.9999938,6.1453725e-06
1970,0,0,1.0,0.0
1971,0,0,1.0,0.0
1972,0,0,1.0,0.0
1973,1,1,0.0,1.0
1974,0,0,1.0,0.0
1975,1,1,0.0,1.0
1976,1,0,0.0,1.0
1977,0,1,1.0,0.0
1978,0,0,1.0,0.0
1979,0,1,1.0,0.0
1980,0,0,1.0,0.0
1981,0,0,1.0,0.0
1982,0,0,1.0,0.0
1983,1,1,0.0,1.0
1984,0,0,1.0,0.0
1985,0,0,1.0,0.0
1986,0,0,1.0,0.0
1987,1,1,0.0,1.0
1988,0,0,1.0,0.0
1989,1,1,0.0,1.0
1990,1,1,0.0,1.0
1991,0,0,1.0,0.0
1992,0,0,1.0,0.0
1993,0,0,1.0,0.0
1994,0,0,1.0,7.96375e-40
1995,0,0,1.0,0.0
1996,1,1,0.0,1.0
1997,0,0,1.0,0.0
1998,1,1,0.0,1.0
1999,0,0,1.0,0.0
2000,1,1,0.0,1.0
2001,1,1,0.0,1.0
2002,1,1,0.0,1.0
2003,0,0,1.0,0.0
2004,0,0,1.0,0.0
2005,0,0,1.0,0.0
2006,1,1,0.0,1.0
2007,0,1,1.0,0.0
2008,0,0,1.0,2.9929e-41
2009,0,1,1.0,0.0
2010,0,0,1.0,0.0
2011,0,0,1.0,0.0
2012,0,1,1.0,0.0
2013,0,0,1.0,0.0
2014,1,1,0.0,1.0
2015,0,0,1.0,0.0
2016,0,0,1.0,3.0931503e-12
2017,0,0,1.0,0.0
2018,0,0,1.0,0.0
2019,0,0,1.0,0.0
2020,0,0,1.0,0.0
2021,0,0,1.0,0.0
2022,1,1,0.0,1.0
2023,1,1,0.0,1.0
2024,0,1,1.0,0.0
2025,0,0,1.0,2.609318e-27
2026,0,0,1.0,2.6706481e-18
2027,0,1,1.0,2.1108274e-26
2028,0,0,1.0,0.0
2029,1,1,0.0,1.0
2030,0,0,1.0,0.0
2031,0,0,1.0,0.0
2032,0,0,1.0,0.0
2033,0,0,1.0,0.0
2034,1,1,0.0,1.0
2035,0,0,1.0,7.172e-42
2036,0,0,1.0,1.2170998e-25
2037,1,1,0.0,1.0
2038,1,1,0.0,1.0
2039,0,0,1.0,0.0
2040,1,1,0.0,1.0
2041,0,0,1.0,1.6600524e-34
2042,0,1,1.0,7e-45
2043,0,0,1.0,0.0
2044,0,0,1.0,0.0
2045,0,0,1.0,0.0
2046,0,0,1.0,0.0
2047,0,0,1.0,0.0
2048,1,1,0.0,1.0
2049,1,1,0.0,1.0
2050,0,0,1.0,0.0
2051,0,0,1.0,0.0
2052,1,1,0.0,1.0
2053,0,0,1.0,0.0
2054,1,1,0.0,1.0
2055,0,0,1.0,0.0
2056,0,0,1.0,0.0
2057,0,0,1.0,0.0
2058,1,1,0.0,1.0
2059,1,1,3.4777665e-32,1.0
2060,0,0,1.0,4.8808508e-30
2061,0,0,1.0,0.0
2062,1,1,0.0,1.0
2063,1,1,0.0,1.0
2064,0,1,1.0,0.0
2065,0,0,1.0,4.0150884e-32
2066,1,1,0.0,1.0
2067,1,1,0.0,1.0
2068,0,0,1.0,0.0
2069,0,0,1.0,0.0
2070,1,1,0.0,1.0
2071,0,0,1.0,0.0
2072,1,0,1.0187999e-11,1.0
2073,0,0,1.0,0.0
2074,1,1,6.228613e-25,1.0
2075,0,0,1.0,0.0
2076,0,1,1.0,0.0
2077,1,1,0.0,1.0
2078,0,0,1.0,0.0
2079,0,0,1.0,0.0
2080,0,0,1.0,0.0
2081,0,0,1.0,0.0
2082,0,0,0.9999125,8.749096e-05
2083,0,0,1.0,2.4658913e-23
2084,0,0,1.0,0.0
2085,1,0,0.0,1.0
2086,1,1,0.0,1.0
2087,1,1,0.0,1.0
2088,0,0,1.0,0.0
2089,0,0,1.0,0.0
2090,1,1,0.0,1.0
2091,0,0,1.0,0.0
2092,0,0,1.0,0.0
2093,0,0,1.0,0.0
2094,0,0,1.0,1.5450838e-29
2095,1,1,1.758934e-24,1.0
2096,1,0,0.0,1.0
2097,0,0,1.0,0.0
2098,0,0,1.0,0.0
2099,0,0,1.0,0.0
2100,0,0,1.0,7.087591e-26
2101,1,1,0.0,1.0
2102,0,0,1.0,2.1398518e-26
2103,0,0,0.9901007,0.009899372
2104,1,0,9.1097706e-36,1.0
2105,0,0,1.0,0.0
2106,0,0,1.0,0.0
2107,0,0,1.0,0.0
2108,0,0,1.0,0.0
2109,0,0,1.0,0.0
2110,0,0,1.0,0.0
2111,0,0,1.0,0.0
2112,1,1,0.0,1.0
2113,1,1,0.0,1.0
2114,0,0,1.0,0.0
2115,1,1,0.0,1.0
2116,0,0,1.0,0.0
2117,1,1,0.0,1.0
2118,0,0,1.0,7.5435e-40
2119,1,0,0.00013057255,0.99986947
2120,1,1,0.0,1.0
2121,0,0,1.0,0.0
2122,1,1,0.0,1.0
2123,0,0,1.0,0.0
2124,0,0,1.0,0.0
2125,0,0,1.0,1.9287597e-12
2126,0,1,1.0,0.0
2127,0,0,1.0,0.0
2128,0,0,1.0,0.0
2129,0,1,1.0,0.0
2130,1,1,0.0,1.0
2131,0,1,1.0,0.0
2132,0,0,1.0,1.2028695e-33
2133,0,0,1.0,0.0
2134,0,0,1.0,0.0
2135,1,1,0.0,1.0
2136,1,1,0.0,1.0
2137,0,0,1.0,0.0
2138,1,1,0.0,1.0
2139,0,0,1.0,0.0
2140,1,1,0.0,1.0
2141,0,0,1.0,2.927867e-11
2142,0,0,1.0,0.0
2143,1,1,1.78588e-28,1.0
2144,1,1,0.0,1.0
2145,0,0,1.0,0.0
2146,0,1,1.0,0.0
2147,0,0,1.0,0.0
2148,0,0,1.0,0.0
2149,0,0,1.0,0.0
2150,0,0,1.0,0.0
2151,1,1,0.0,1.0
2152,0,0,1.0,0.0
2153,1,1,0.0,1.0
2154,0,0,1.0,0.0
2155,0,0,1.0,0.0
2156,0,0,1.0,0.0
2157,1,1,0.0,1.0
2158,1,1,0.0,1.0
2159,0,0,1.0,0.0
2160,0,0,1.0,0.0
2161,0,1,1.0,0.0
2162,0,1,1.0,0.0
2163,0,1,1.0,0.0
2164,0,0,1.0,0.0
2165,0,0,1.0,0.0
2166,1,1,0.0,1.0
2167,0,0,1.0,0.0
2168,0,0,1.0,0.0
2169,0,0,1.0,0.0
2170,0,0,1.0,0.0
2171,0,0,1.0,0.0
2172,0,1,1.0,0.0
2173,0,0,1.0,0.0
2174,1,1,0.0,1.0
2175,1,1,0.0,1.0
2176,1,0,8.44198e-30,1.0
2177,0,0,1.0,0.0
2178,0,0,1.0,0.0
2179,0,0,1.0,0.0
2180,0,0,1.0,0.0
2181,1,1,0.0,1.0
2182,1,1,0.0,1.0
2183,0,0,1.0,4.8402486e-21
2184,0,0,1.0,0.0
2185,0,0,1.0,0.0
2186,0,1,1.0,0.0
2187,1,1,0.0,1.0
2188,1,1,0.0,1.0
2189,1,1,1.32005e-40,1.0
2190,0,0,1.0,0.0
2191,0,0,1.0,0.0
2192,0,0,1.0,0.0
2193,0,0,1.0,0.0
2194,0,0,1.0,0.0
2195,1,1,0.0,1.0
2196,0,0,1.0,0.0
2197,1,0,0.0,1.0
2198,0,1,1.0,0.0
2199,1,1,0.0,1.0
2200,1,1,0.0,1.0
2201,0,0,1.0,0.0
2202,0,0,1.0,0.0
2203,0,0,1.0,0.0
2204,0,1,1.0,0.0
2205,0,0,1.0,0.0
2206,1,1,0.0,1.0
2207,0,0,1.0,0.0
2208,0,0,1.0,0.0
2209,0,0,1.0,6.860653e-18
2210,0,0,1.0,0.0
2211,0,0,1.0,0.0
2212,1,1,0.0,1.0
2213,0,0,1.0,0.0
2214,0,0,1.0,0.0
2215,0,0,1.0,0.0
2216,0,1,1.0,0.0
2217,1,1,2.7464965e-23,1.0
2218,0,0,1.0,0.0
2219,0,0,1.0,0.0
2220,1,1,0.0,1.0
2221,0,0,1.0,0.0
2222,0,0,1.0,0.0
2223,0,0,1.0,2.7652676e-19
2224,0,0,1.0,0.0
2225,1,1,0.0,1.0
2226,0,1,1.0,0.0
2227,0,1,1.0,7.901344e-28
2228,0,1,1.0,0.0
2229,0,0,1.0,0.0
2230,0,1,1.0,0.0
2231,0,0,1.0,0.0
2232,0,1,1.0,0.0
2233,0,1,1.0,0.0
2234,0,0,1.0,0.0
2235,1,1,1.1623292e-13,1.0
2236,0,0,1.0,0.0
2237,0,0,1.0,0.0
2238,1,1,0.0,1.0
2239,0,0,1.0,0.0
2240,0,0,1.0,0.0
2241,1,0,0.0,1.0
2242,0,0,1.0,0.0
2243,1,1,0.0,1.0
2244,0,0,1.0,0.0
2245,1,1,0.0,1.0
2246,0,0,1.0,0.0
2247,0,0,1.0,0.0
2248,0,0,1.0,1.7326611e-25
2249,0,0,1.0,0.0
2250,0,0,1.0,0.0
2251,0,0,1.0,0.0
2252,0,0,1.0,0.0
2253,0,0,1.0,0.0
2254,1,1,0.0,1.0
2255,0,0,1.0,0.0
2256,0,0,1.0,0.0
2257,1,1,0.0,1.0
2258,0,0,1.0,1.5902449e-19
2259,0,0,1.0,0.0
2260,0,0,1.0,0.0
2261,0,1,1.0,0.0
2262,0,0,1.0,0.0
2263,0,0,1.0,8.018931e-17
2264,1,1,0.0,1.0
2265,0,0,1.0,0.0
2266,0,0,1.0,0.0
2267,0,0,1.0,0.0
2268,1,1,0.0,1.0
2269,0,0,1.0,0.0
2270,1,1,0.0,1.0
2271,0,0,1.0,0.0
2272,0,0,1.0,0.0
2273,0,0,1.0,0.0
2274,0,0,1.0,0.0
2275,0,0,1.0,0.0
2276,1,1,0.0,1.0
2277,0,0,1.0,0.0
2278,1,1,0.0,1.0
2279,0,0,1.0,0.0
2280,0,0,1.0,0.0
2281,0,0,1.0,0.0
2282,1,1,0.0,1.0
2283,1,0,0.0,1.0
2284,0,0,1.0,0.0
2285,0,0,1.0,0.0
2286,0,0,1.0,0.0
2287,0,1,1.0,3.167828e-14
2288,0,0,1.0,0.0
2289,0,0,1.0,2.6350947e-35
2290,1,1,0.0,1.0
2291,1,1,0.0,1.0
2292,1,1,7.655677e-05,0.99992347
2293,0,0,1.0,0.0
2294,0,0,1.0,2.1776422e-10
2295,0,0,1.0,0.0
2296,0,0,1.0,0.0
2297,0,1,1.0,0.0
2298,0,0,1.0,0.0
2299,0,0,1.0,0.0
2300,0,0,1.0,0.0
2301,1,1,0.0,1.0
2302,0,0,1.0,0.0
2303,0,0,1.0,0.0
2304,0,0,1.0,0.0
2305,1,0,6.665491e-12,1.0
2306,1,1,0.0,1.0
2307,0,0,1.0,0.0
2308,0,0,1.0,0.0
2309,0,0,1.0,0.0
2310,0,0,1.0,0.0
2311,1,1,0.0,1.0
2312,0,0,1.0,5.0991202e-27
2313,0,0,1.0,0.0
2314,0,0,1.0,0.0
2315,0,0,1.0,0.0
2316,0,0,1.0,1.3904738e-20
2317,1,1,0.0,1.0
2318,0,0,1.0,0.0
2319,0,0,1.0,0.0
2320,0,0,1.0,0.0
2321,0,0,1.0,0.0
2322,0,0,1.0,0.0
2323,1,1,0.0,1.0
2324,1,1,0.0,1.0
2325,0,0,1.0,0.0
2326,0,0,1.0,0.0
2327,0,0,1.0,1.2552687e-35
2328,1,1,0.0,1.0
2329,0,0,0.999772,0.00022796614
2330,1,1,0.0,1.0
2331,0,1,1.0,0.0
2332,0,0,1.0,8.169745e-29
2333,0,0,1.0,0.0
2334,1,1,0.0,1.0
2335,0,0,1.0,2.9000155e-08
2336,0,0,1.0,0.0
2337,0,0,1.0,0.0
2338,1,1,9.1926346e-08,0.9999999
2339,0,0,1.0,0.0
2340,0,0,1.0,0.0
2341,0,0,1.0,0.0
2342,0,0,1.0,0.0
2343,0,0,1.0,0.0
2344,0,0,1.0,0.0
2345,0,0,1.0,0.0
2346,0,0,1.0,3.878933e-23
2347,0,0,1.0,0.0
2348,0,0,1.0,0.0
2349,1,1,0.0,1.0
2350,0,0,1.0,0.0
2351,0,0,1.0,0.0
2352,0,0,1.0,1.75985e-40
2353,1,1,0.0,1.0
2354,0,0,1.0,6.080272e-31
2355,0,0,1.0,0.0
2356,1,1,0.0,1.0
2357,0,0,1.0,0.0
2358,0,0,1.0,7.096212e-36
2359,0,0,1.0,2.81916e-13
2360,0,0,1.0,0.0
2361,1,1,0.0,1.0
2362,1,1,0.0,1.0
2363,0,0,1.0,8.6609e-41
2364,0,0,1.0,0.0
2365,1,1,0.0,1.0
2366,0,0,1.0,0.0
2367,1,1,0.0,1.0
2368,0,0,1.0,0.0
2369,1,1,0.0,1.0
2370,0,0,1.0,0.0
2371,0,0,1.0,0.0
2372,0,0,1.0,0.0
2373,0,1,1.0,0.0
2374,0,0,1.0,0.0
2375,1,1,0.0,1.0
2376,0,0,1.0,1.4302327e-16
2377,1,0,3.3840475e-26,1.0
2378,0,0,1.0,0.0
2379,1,1,0.0,1.0
2380,1,0,0.0,1.0
2381,1,0,1.7203972e-18,1.0
2382,0,0,1.0,0.0
2383,0,0,1.0,0.0
2384,0,0,1.0,6.4782663e-32
2385,0,0,1.0,0.0
2386,1,0,0.0,1.0
2387,0,0,1.0,0.0
2388,0,0,1.0,0.0
2389,0,0,1.0,0.0
2390,1,1,0.0,1.0
2391,1,1,0.0,1.0
2392,1,1,0.0,1.0
2393,0,1,1.0,8.277468e-22
2394,0,0,1.0,0.0
2395,1,1,0.0,1.0
2396,1,1,0.0,1.0
2397,0,0,1.0,0.0
2398,0,0,1.0,0.0
2399,0,0,1.0,0.0
2400,0,0,1.0,0.0
2401,1,1,0.0,1.0
2402,0,0,1.0,0.0
2403,1,0,0.0,1.0
2404,1,1,0.0,1.0
2405,1,1,0.0,1.0
2406,1,1,0.0,1.0
2407,0,0,1.0,0.0
2408,1,1,0.0,1.0
2409,1,0,0.06522982,0.93477017
2410,1,1,0.0,1.0
2411,0,0,1.0,0.0
2412,0,1,1.0,0.0
2413,0,0,1.0,0.0
2414,0,0,1.0,0.0
2415,0,0,1.0,9.5329e-41
2416,0,0,1.0,0.0
2417,1,1,0.0,1.0
2418,0,0,1.0,0.0
2419,0,0,1.0,0.0
2420,0,0,1.0,0.0
2421,0,0,1.0,0.0
2422,0,0,1.0,0.0
2423,0,0,1.0,0.0
2424,1,1,0.0,1.0
2425,0,0,1.0,2.9653978e-34
2426,0,0,1.0,0.0
2427,0,0,1.0,0.0
2428,1,1,0.0,1.0
2429,1,1,0.0,1.0
2430,0,1,1.0,0.0
2431,1,1,0.0,1.0
2432,0,0,1.0,0.0
2433,0,0,1.0,0.0
2434,0,0,1.0,0.0
2435,0,0,1.0,0.0
2436,0,1,1.0,0.0
2437,0,1,1.0,0.0
2438,0,0,1.0,0.0
2439,1,1,0.0,1.0
2440,0,0,1.0,0.0
2441,1,1,0.0,1.0
2442,1,1,0.0,1.0
2443,0,0,1.0,0.0
2444,0,0,1.0,0.0
2445,0,0,1.0,0.0
2446,0,0,1.0,0.0
2447,0,0,1.0,1.3105632e-25
2448,0,0,1.0,0.0
2449,0,0,1.0,0.0
2450,0,1,1.0,0.0
2451,0,0,1.0,1.113439e-28
2452,1,1,0.0,1.0
2453,0,1,1.0,0.0
2454,0,1,1.0,0.0
2455,0,1,1.0,1.2062e-41
2456,1,1,0.00027705074,0.9997229
2457,0,0,1.0,0.0
2458,1,1,0.0,1.0
2459,0,0,1.0,0.0
2460,0,0,1.0,0.0
2461,1,1,3.1033e-41,1.0
2462,0,0,1.0,0.0
2463,0,0,1.0,0.0
2464,1,1,0.0,1.0
2465,0,0,1.0,0.0
2466,1,1,0.0,1.0
2467,1,0,2.64561e-05,0.99997354
2468,0,0,1.0,0.0
2469,0,0,1.0,0.0
2470,0,0,1.0,1.982e-41
2471,0,0,0.99982214,0.00017787458
2472,0,0,1.0,0.0
2473,1,1,0.0,1.0
2474,0,0,1.0,0.0
2475,1,1,0.0,1.0
2476,0,1,0.9994777,0.0005223868
2477,0,1,1.0,7.052069e-27
2478,0,0,1.0,1.7376263e-09
2479,0,0,1.0,1.5985e-41
2480,0,0,1.0,0.0
2481,0,1,1.0,0.0
2482,1,1,0.0,1.0
2483,1,0,0.13412157,0.86587846
2484,0,0,1.0,0.0
2485,0,0,1.0,0.0
2486,1,1,0.0,1.0
2487,1,0,0.0,1.0
2488,1,1,0.0,1.0
2489,1,1,3.74e-42,1.0
2490,0,1,1.0,3.221763e-39
2491,0,0,1.0,0.0
2492,1,1,0.0,1.0
2493,0,0,1.0,0.0
2494,0,0,1.0,0.0
2495,1,1,0.0,1.0
2496,1,1,1.9575335e-28,1.0
2497,0,0,1.0,0.0
2498,0,0,1.0,0.0
2499,0,1,1.0,0.0
2500,0,0,1.0,0.0
2501,1,0,5.0748537e-12,1.0
2502,0,0,1.0,0.0
2503,1,1,0.0,1.0
2504,0,0,1.0,0.0
2505,0,0,1.0,0.0
2506,0,0,1.0,1.9304449e-20
2507,1,1,0.0,1.0
2508,0,0,1.0,0.0
2509,0,0,1.0,0.0
2510,1,1,0.0,1.0
2511,0,0,1.0,0.0
2512,1,1,4.087395e-18,1.0
2513,0,1,1.0,0.0
2514,1,1,0.0,1.0
2515,1,1,2.6241408e-35,1.0
2516,0,0,1.0,0.0
2517,1,0,1.0818889e-06,0.9999989
2518,1,1,0.0,1.0
2519,0,0,1.0,0.0
2520,0,0,1.0,0.0
2521,0,0,1.0,2.7207218e-36
2522,0,0,1.0,0.0
2523,0,0,1.0,0.0
2524,1,1,0.0,1.0
2525,0,1,1.0,0.0
2526,0,1,1.0,0.0
2527,0,0,1.0,0.0
2528,0,0,1.0,0.0
2529,1,1,0.0,1.0
2530,0,0,1.0,0.0
2531,0,0,1.0,6.5274756e-34
2532,1,1,0.0,1.0
2533,0,0,1.0,0.0
2534,0,0,1.0,0.0
2535,0,0,1.0,2.0664846e-38
2536,1,1,0.0,1.0
2537,0,1,1.0,0.0
2538,0,0,1.0,0.0
2539,0,0,1.0,0.0
2540,0,0,1.0,0.0
2541,0,0,1.0,3.3081344e-15
2542,0,0,1.0,0.0
2543,0,0,1.0,0.0
2544,0,0,1.0,0.0
2545,0,0,1.0,0.0
2546,1,1,0.0,1.0
2547,1,1,2.0971909e-26,1.0
2548,1,1,0.0,1.0
2549,0,0,1.0,0.0
2550,0,0,1.0,0.0
2551,0,0,1.0,0.0
2552,0,0,1.0,0.0
2553,1,1,0.0,1.0
2554,0,0,1.0,0.0
2555,0,0,1.0,0.0
2556,0,0,1.0,0.0
2557,1,1,1.9001265e-18,1.0
2558,1,1,0.0,1.0
2559,0,1,1.0,0.0
2560,0,0,1.0,0.0
2561,0,0,1.0,0.0
2562,0,1,1.0,0.0
2563,0,0,1.0,0.0
2564,0,0,1.0,0.0
2565,1,1,0.0,1.0
2566,1,1,0.0,1.0
2567,0,0,1.0,2.67e-41
2568,0,0,1.0,0.0
2569,0,0,1.0,2.922409e-27
2570,1,1,1.9716016e-34,1.0
2571,0,0,1.0,0.0
2572,1,1,4.069048e-13,1.0
2573,0,0,1.0,0.0
2574,0,0,1.0,4.4759155e-37
2575,1,1,0.0,1.0
2576,0,0,1.0,0.0
2577,0,0,1.0,0.0
2578,1,1,0.0,1.0
2579,0,0,1.0,0.0
2580,1,0,7.0254853e-20,1.0
2581,0,0,1.0,0.0
2582,0,0,1.0,0.0
2583,1,1,0.0,1.0
2584,0,0,1.0,0.0
2585,0,0,1.0,0.0
2586,0,0,0.9321384,0.06786165
2587,0,1,1.0,0.0
2588,0,0,1.0,0.0
2589,1,1,0.0,1.0
2590,0,0,1.0,1.8321216e-11
2591,0,0,1.0,0.0
2592,1,1,0.0,1.0
2593,0,0,1.0,0.0
2594,0,0,1.0,0.0
2595,0,0,1.0,0.0
2596,1,1,0.0,1.0
2597,1,1,0.0,1.0
2598,0,0,1.0,0.0
2599,0,0,1.0,0.0
2600,0,0,1.0,0.0
2601,1,1,0.0,1.0
2602,1,1,0.0,1.0
2603,0,0,1.0,0.0
2604,1,1,0.0,1.0
2605,1,1,1.660782e-10,1.0
2606,1,1,8.2761435e-29,1.0
2607,0,0,1.0,0.0
2608,0,0,1.0,0.0
2609,1,1,0.0,1.0
2610,0,0,1.0,0.0
2611,1,1,0.0,1.0
2612,0,0,1.0,0.0
2613,1,1,0.0,1.0
2614,0,0,1.0,0.0
2615,1,1,0.0,1.0
2616,0,0,1.0,0.0
2617,1,1,0.0,1.0
2618,0,0,1.0,0.0
2619,0,0,1.0,3.8038262e-20
2620,1,1,1.004837e-06,0.99999905
2621,0,0,1.0,0.0
2622,0,0,1.0,0.0
2623,0,0,1.0,0.0
2624,1,0,0.0,1.0
2625,0,0,1.0,0.0
2626,1,1,0.0,1.0
2627,1,1,0.0,1.0
2628,0,0,1.0,0.0
2629,1,1,0.0,1.0
2630,0,0,1.0,1.26e-42
2631,0,0,1.0,0.0
2632,0,0,1.0,0.0
2633,1,0,1.3614063e-21,1.0
2634,1,1,0.0,1.0
2635,0,0,1.0,0.0
2636,0,0,1.0,0.0
2637,0,1,1.0,0.0
2638,0,0,1.0,0.0
2639,0,0,1.0,3.998111e-38
2640,0,0,1.0,2.229046e-32
2641,1,1,0.0,1.0
2642,0,0,1.0,0.0
2643,1,1,0.0,1.0
2644,0,0,1.0,4.41437e-40
2645,0,0,1.0,0.0
2646,1,1,0.0,1.0
2647,1,1,0.0,1.0
2648,0,0,1.0,0.0
2649,0,1,1.0,0.0
2650,0,0,1.0,0.0
2651,0,0,1.0,7.8578176e-21
2652,1,1,3.2270687e-29,1.0
2653,0,0,1.0,0.0
2654,0,0,0.79327744,0.20672259
2655,0,0,1.0,0.0
2656,0,0,1.0,0.0
2657,0,0,1.0,0.0
2658,0,0,1.0,0.0
2659,1,1,2.0585137e-05,0.9999794
2660,0,0,1.0,0.0
2661,1,1,0.0,1.0
2662,0,0,1.0,0.0
2663,0,0,1.0,0.0
2664,0,0,1.0,0.0
2665,0,0,1.0,0.0
2666,0,0,1.0,0.0
2667,0,0,1.0,0.0
2668,0,0,1.0,0.0
2669,1,1,0.0,1.0
2670,0,0,1.0,0.0
2671,0,0,1.0,0.0
2672,0,0,1.0,0.0
2673,0,0,1.0,3.5875569e-34
2674,1,1,0.0,1.0
2675,0,0,1.0,0.0
2676,0,0,1.0,0.0
2677,0,0,1.0,0.0
2678,0,0,1.0,0.0
2679,0,0,1.0,0.0
2680,1,1,0.0,1.0
2681,0,0,1.0,0.0
2682,0,0,1.0,0.0
2683,0,0,1.0,0.0
2684,0,0,1.0,0.0
2685,0,1,1.0,0.0
2686,1,1,0.0,1.0
2687,0,1,1.0,0.0
2688,0,0,1.0,0.0
2689,0,0,1.0,0.0
2690,0,1,1.0,0.0
2691,0,0,1.0,0.0
2692,1,1,0.0,1.0
2693,0,0,1.0,0.0
2694,0,1,1.0,0.0
2695,0,0,1.0,0.0
2696,0,0,1.0,0.0
2697,0,0,1.0,0.0
2698,0,0,1.0,0.0
2699,0,0,1.0,0.0
2700,0,0,1.0,0.0
2701,1,1,0.0,1.0
2702,0,0,1.0,0.0
2703,0,0,1.0,0.0
2704,1,1,0.0,1.0
2705,0,0,1.0,0.0
2706,0,0,1.0,0.0
2707,0,1,1.0,2.1807058e-21
2708,0,0,1.0,0.0
2709,1,1,0.0,1.0
2710,1,1,0.0,1.0
2711,1,1,0.0,1.0
2712,1,1,8.567325e-25,1.0
2713,1,1,0.0,1.0
2714,0,0,1.0,0.0
2715,0,0,1.0,2.5664383e-32
2716,0,0,1.0,0.0
2717,0,0,1.0,0.0
2718,0,0,1.0,0.0
2719,0,0,1.0,0.0
2720,1,1,0.0,1.0
2721,0,0,1.0,0.0
2722,1,1,0.0,1.0
2723,0,0,1.0,0.0
2724,0,0,1.0,0.0
2725,1,1,0.0,1.0
2726,1,1,0.0,1.0
2727,0,0,1.0,0.0
2728,1,1,0.0,1.0
2729,0,0,1.0,5.862686e-08
2730,0,0,1.0,0.0
2731,0,0,1.0,0.0
2732,0,0,1.0,0.0
2733,0,0,1.0,0.0
2734,0,0,1.0,0.0
2735,0,0,1.0,0.0
2736,0,0,1.0,0.0
2737,0,0,1.0,0.0
2738,0,1,1.0,0.0
2739,1,1,0.0,1.0
2740,1,1,0.0,1.0
2741,0,0,1.0,0.0
2742,0,1,1.0,0.0
2743,0,0,1.0,5.73455e-38
2744,1,1,0.0,1.0
2745,0,0,0.92733,0.07267
2746,0,0,1.0,0.0
2747,0,0,1.0,0.0
2748,1,1,0.0,1.0
2749,0,0,1.0,3.0188914e-21
2750,0,0,1.0,0.0
2751,0,0,1.0,0.0
2752,0,0,1.0,0.0
2753,1,1,0.0,1.0
2754,0,0,1.0,0.0
2755,0,0,1.0,0.0
2756,0,0,1.0,0.0
2757,0,0,1.0,0.0
2758,0,0,1.0,0.0
2759,0,0,1.0,0.0
2760,0,0,1.0,8.412789e-30
2761,1,1,0.0,1.0
2762,0,0,1.0,0.0
2763,1,1,9.607436e-33,1.0
2764,1,1,0.0,1.0
2765,1,1,0.0,1.0
2766,0,0,1.0,0.0
2767,0,0,1.0,0.0
2768,0,0,1.0,0.0
2769,0,0,1.0,1.972e-42
2770,0,0,1.0,0.0
2771,0,0,1.0,9.2696e-33
2772,1,1,0.0,1.0
2773,0,0,1.0,1.0700746e-33
2774,1,1,0.0,1.0
2775,0,0,1.0,0.0
2776,0,0,1.0,0.0
2777,0,0,1.0,0.0
2778,1,1,6.689908e-38,1.0
2779,1,1,0.0,1.0
2780,0,0,1.0,0.0
2781,1,1,0.0,1.0
2782,0,1,1.0,0.0
2783,0,0,1.0,1.2113e-41
2784,1,1,0.0,1.0
2785,0,0,1.0,0.0
2786,0,0,1.0,0.0
2787,1,1,0.0,1.0
2788,1,1,4e-45,1.0
2789,0,0,1.0,0.0
2790,0,0,1.0,0.0
2791,0,0,1.0,1e-45
2792,0,0,1.0,0.0
2793,0,0,1.0,0.0
2794,0,0,1.0,0.0
2795,0,0,0.9999994,5.937813e-07
2796,0,1,1.0,0.0
2797,0,0,1.0,4.70452e-21
2798,0,0,1.0,1.1297674e-25
2799,0,0,1.0,0.0
2800,0,0,1.0,0.0
2801,1,1,5.588596e-26,1.0
2802,0,0,1.0,1.0537914e-38
2803,0,0,1.0,4.4699285e-36
2804,0,0,1.0,0.0
2805,0,0,1.0,0.0
2806,0,0,1.0,0.0
2807,1,1,0.0,1.0
2808,0,0,1.0,0.0
2809,0,0,1.0,0.0
2810,0,1,1.0,0.0
2811,0,0,1.0,8.825e-42
2812,0,0,1.0,3.2807288e-13
2813,0,0,1.0,2.8161363e-38
2814,0,0,1.0,0.0
2815,0,0,1.0,0.0
2816,1,1,0.0,1.0
2817,0,0,1.0,1.20698386e-32
2818,0,0,1.0,0.0
2819,0,0,1.0,0.0
2820,1,1,0.0,1.0
2821,0,0,1.0,0.0
2822,0,0,1.0,0.0
2823,0,1,1.0,0.0
2824,0,0,1.0,0.0
2825,0,0,1.0,0.0
2826,0,0,1.0,0.0
2827,1,1,0.0,1.0
2828,0,0,1.0,0.0
2829,0,1,1.0,0.0
2830,1,1,0.0,1.0
2831,0,0,1.0,0.0
2832,0,0,1.0,0.0
2833,0,0,1.0,0.0
2834,0,0,1.0,5.9633132e-36
2835,0,0,1.0,0.0
2836,0,0,1.0,0.0
2837,1,1,0.0,1.0
2838,1,1,0.0,1.0
2839,0,0,1.0,0.0
2840,0,0,1.0,0.0
2841,0,0,1.0,0.0
2842,0,0,1.0,0.0
2843,0,0,1.0,0.0
2844,0,0,1.0,0.0
2845,0,0,1.0,0.0
2846,0,1,1.0,0.0
2847,0,0,1.0,0.0
2848,0,0,1.0,0.0
2849,0,0,1.0,0.0
2850,0,1,1.0,0.0
2851,0,0,1.0,0.0
2852,0,1,1.0,0.0
2853,0,0,1.0,0.0
2854,0,0,1.0,1.36e-43
2855,1,1,0.0,1.0
2856,1,1,0.0,1.0
2857,0,0,1.0,0.0
2858,0,0,1.0,0.0
2859,1,1,4e-45,1.0
2860,0,0,1.0,3.2245786e-24
2861,0,1,1.0,0.0
2862,0,0,1.0,0.0
2863,0,0,1.0,0.0
2864,1,1,0.0,1.0
2865,0,0,1.0,0.0
2866,0,0,1.0,6e-45
2867,1,1,0.0,1.0
2868,0,0,1.0,8.349543e-39
2869,0,0,1.0,0.0
2870,0,0,1.0,0.0
2871,1,1,0.0,1.0
2872,0,0,1.0,0.0
2873,0,0,1.0,1.9254383e-33
2874,0,0,1.0,0.0
2875,0,0,1.0,0.0
2876,0,0,1.0,0.0
2877,0,0,1.0,5.013244e-23
2878,0,0,1.0,0.0
2879,1,1,0.0,1.0
2880,0,0,1.0,0.0
2881,0,0,1.0,0.0
2882,0,0,1.0,0.0
2883,1,1,0.0,1.0
2884,1,1,0.0,1.0
2885,0,0,1.0,0.0
2886,0,0,1.0,0.0
2887,0,0,1.0,0.0
2888,0,0,1.0,0.0
2889,0,0,1.0,0.0
2890,0,0,1.0,0.0
2891,1,1,2.3042112e-25,1.0
2892,0,0,1.0,0.0
2893,1,1,0.0,1.0
2894,0,0,1.0,0.0
2895,0,0,1.0,0.0
2896,0,0,1.0,2.349945e-39
2897,0,0,1.0,1.0619717e-30
2898,1,1,0.0,1.0
2899,0,0,1.0,0.0
2900,0,0,1.0,0.0
2901,1,1,0.0,1.0
2902,1,1,0.0,1.0
2903,0,0,1.0,9.556752e-15
2904,0,0,1.0,0.0
2905,0,0,1.0,0.0
2906,1,1,0.0,1.0
2907,0,0,1.0,2.269086e-24
2908,1,1,0.0,1.0
2909,0,0,1.0,0.0
2910,0,0,1.0,1.6963752e-34
2911,0,0,1.0,0.0
2912,0,0,1.0,0.0
2913,0,0,1.0,2.3109e-41
2914,1,1,0.0,1.0
2915,0,0,1.0,0.0
2916,0,0,1.0,0.0
2917,0,0,1.0,0.0
2918,0,0,1.0,0.0
2919,1,1,0.0,1.0
2920,0,0,1.0,0.0
2921,1,1,0.0,1.0
2922,0,0,1.0,0.0
2923,0,1,1.0,0.0
2924,1,1,0.0,1.0
2925,0,0,1.0,0.0
2926,0,0,1.0,0.0
2927,0,0,1.0,0.0
2928,0,0,1.0,0.0
2929,0,0,1.0,0.0
2930,0,0,1.0,0.0
2931,0,1,1.0,2.2971403e-30
2932,0,0,1.0,0.0
2933,0,0,1.0,0.0
2934,0,0,1.0,0.0
2935,0,0,1.0,0.0
2936,0,0,1.0,0.0
2937,0,0,1.0,0.0
2938,0,0,1.0,0.0
2939,1,1,0.0,1.0
2940,0,1,1.0,0.0
2941,0,0,1.0,0.0
2942,0,0,1.0,0.0
2943,0,0,1.0,0.0
2944,0,0,1.0,0.0
2945,0,0,1.0,0.0
2946,0,0,1.0,0.0
2947,0,0,1.0,0.0
2948,1,1,0.0,1.0
2949,0,1,1.0,0.0
2950,0,0,1.0,0.0
2951,0,0,1.0,0.0
2952,0,0,1.0,0.0
2953,1,1,1.6885777e-17,1.0
2954,0,0,1.0,0.0
2955,1,1,0.0,1.0
2956,1,1,9.097e-42,1.0
2957,1,0,0.0,1.0
2958,0,0,1.0,2.6287206e-34
2959,0,0,1.0,0.0
2960,0,0,1.0,0.0
2961,1,1,0.0,1.0
2962,0,0,1.0,0.0
2963,0,0,1.0,0.0
2964,0,1,1.0,0.0
2965,0,0,1.0,0.0
2966,1,1,6.6604e-41,1.0
2967,1,1,0.0,1.0
2968,0,0,1.0,0.0
2969,0,0,1.0,1.9456325e-25
2970,0,0,1.0,0.0
2971,0,0,1.0,0.0
2972,0,0,1.0,0.0
2973,0,0,1.0,0.0
2974,1,0,0.0,1.0
2975,0,0,1.0,0.0
2976,0,0,1.0,0.0
2977,0,0,1.0,0.0
2978,0,0,1.0,0.0
2979,1,1,0.0,1.0
2980,1,1,0.0,1.0
2981,0,0,1.0,1.6598697e-33
2982,0,0,1.0,2.4811653e-10
2983,1,1,0.0,1.0
2984,0,1,1.0,0.0
2985,0,1,1.0,0.0
2986,0,0,1.0,0.0
2987,0,0,1.0,2.324365e-26
2988,1,0,1.396532e-30,1.0
2989,0,0,1.0,0.0
2990,0,0,1.0,0.0
2991,0,0,1.0,0.0
2992,0,1,1.0,5.2038834e-10
2993,0,1,1.0,0.0
2994,1,1,1.5712891e-23,1.0
2995,1,0,1.672e-42,1.0
2996,0,0,1.0,0.0
2997,1,1,0.0,1.0
2998,0,0,1.0,0.0
2999,0,0,1.0,0.0
3000,0,0,1.0,0.0
3001,0,0,1.0,8.232699e-27
3002,0,0,1.0,0.0
3003,1,0,0.0,1.0
3004,0,0,1.0,0.0
3005,1,1,0.0,1.0
3006,0,0,1.0,0.0
3007,0,0,1.0,0.0
3008,0,1,1.0,0.0
3009,1,0,0.0,1.0
3010,0,1,1.0,1.6545269e-34
3011,1,1,0.0,1.0
3012,0,0,1.0,0.0
3013,1,1,0.0,1.0
3014,0,1,1.0,2.2251114e-33
3015,0,1,1.0,0.0
3016,1,1,0.0,1.0
3017,0,0,1.0,6.7254e-30
3018,1,1,0.0,1.0
3019,0,1,1.0,0.0
3020,0,0,1.0,0.0
3021,1,1,0.0,1.0
3022,0,1,1.0,0.0
3023,0,0,1.0,0.0
3024,0,0,1.0,0.0
3025,0,1,1.0,0.0
3026,0,0,1.0,6e-45
3027,0,0,1.0,0.0
3028,1,1,0.0,1.0
3029,1,1,0.0,1.0
3030,0,0,1.0,0.0
3031,1,1,0.0,1.0
3032,0,1,1.0,0.0
3033,0,0,1.0,0.0
3034,0,1,1.0,0.0
3035,0,0,1.0,0.0
3036,1,1,0.0,1.0
3037,1,1,0.0,1.0
3038,0,0,1.0,0.0
3039,1,1,0.0,1.0
3040,1,1,2.3947694e-08,1.0
3041,0,0,1.0,3.45e-43
3042,1,0,3.681355e-13,1.0
3043,0,0,1.0,0.0
3044,0,0,1.0,0.0
3045,0,0,1.0,0.0
3046,0,0,1.0,0.0
3047,0,0,1.0,0.0
3048,1,1,0.0,1.0
3049,0,0,1.0,0.0
3050,1,1,4.5039797e-33,1.0
3051,0,0,1.0,0.0
3052,0,0,1.0,0.0
3053,0,0,1.0,0.0
3054,0,0,1.0,0.0
3055,0,0,1.0,3.198604e-33
3056,0,0,1.0,0.0
3057,0,0,1.0,0.0
3058,1,1,0.0,1.0
3059,0,0,1.0,0.0
3060,0,0,1.0,0.0
3061,0,0,1.0,0.0
3062,1,1,0.0,1.0
3063,1,1,0.0,1.0
3064,0,0,1.0,0.0
3065,0,0,1.0,0.0
3066,0,0,1.0,0.0
3067,0,0,1.0,0.0
3068,0,0,1.0,0.0
3069,1,1,5.5187646e-35,1.0
3070,1,1,0.0,1.0
3071,0,0,1.0,0.0
3072,0,1,1.0,0.0
3073,0,0,1.0,0.0
3074,0,0,1.0,0.0
3075,0,0,1.0,2.0441412e-14
3076,0,0,1.0,0.0
3077,0,0,1.0,0.0
3078,0,0,1.0,5.824e-42
3079,0,0,1.0,0.0
3080,1,1,0.0,1.0
3081,1,0,0.0,1.0
3082,0,0,1.0,0.0
3083,0,0,1.0,5.09e-42
3084,0,0,1.0,1.2778688e-22
3085,0,0,1.0,0.0
3086,1,1,0.0,1.0
3087,0,0,1.0,0.0
3088,0,0,1.0,0.0
3089,0,0,1.0,0.0
3090,0,0,1.0,0.0
3091,0,1,1.0,0.0
3092,0,0,1.0,2.8142682e-15
3093,0,0,1.0,0.0
3094,0,0,1.0,5.8715503e-30
3095,1,0,0.0,1.0
3096,0,0,1.0,0.0
3097,0,1,1.0,0.0
3098,0,0,1.0,5.8876466e-25
3099,1,1,0.00034568566,0.9996543
3100,0,0,1.0,0.0
3101,1,1,0.0,1.0
3102,1,1,0.0,1.0
3103,0,0,1.0,0.0
3104,0,0,1.0,0.0
3105,1,1,0.0,1.0
3106,1,1,0.0,1.0
3107,0,0,1.0,2.4283532e-25
3108,0,0,1.0,0.0
3109,0,0,1.0,0.0
3110,0,0,1.0,9.008625e-35
3111,0,0,1.0,0.0
3112,0,0,1.0,0.0
3113,0,0,1.0,0.0
3114,0,0,1.0,0.0
3115,0,0,1.0,3.4313164e-31
3116,0,0,1.0,7.7848e-41
3117,0,0,0.5369959,0.46300414
3118,0,0,1.0,0.0
3119,0,0,1.0,0.0
3120,0,0,1.0,0.0
3121,0,1,1.0,0.0
3122,0,1,1.0,0.0
3123,0,0,1.0,1.8e-44
3124,1,1,3.3988608e-26,1.0
3125,0,0,1.0,0.0
3126,0,0,1.0,3.115e-42
3127,0,0,1.0,0.0
3128,0,0,1.0,0.0
3129,0,0,1.0,0.0
3130,0,0,1.0,2.5668635e-29
3131,0,0,1.0,0.0
3132,1,1,0.0,1.0
3133,0,0,1.0,4.541909e-08
3134,0,0,1.0,0.0
3135,0,0,1.0,1.8042066e-10
3136,0,0,1.0,0.0
3137,0,0,1.0,0.0
3138,1,1,0.0,1.0
3139,0,0,1.0,0.0
3140,0,1,1.0,0.0
3141,0,0,1.0,0.0
3142,0,0,1.0,0.0
3143,0,0,1.0,0.0
3144,0,0,1.0,0.0
3145,0,0,1.0,0.0
3146,0,0,1.0,0.0
3147,0,0,1.0,0.0
3148,0,1,1.0,8.585832e-20
3149,0,0,1.0,0.0
3150,0,0,1.0,0.0
3151,1,1,0.0,1.0
3152,0,0,1.0,8.670797e-17
3153,0,0,1.0,0.0
3154,0,0,1.0,0.0
3155,0,0,1.0,0.0
3156,0,0,1.0,0.0
3157,0,0,1.0,6.87945e-40
3158,1,1,3.9524425e-20,1.0
3159,0,0,1.0,0.0
3160,1,0,0.0,1.0
3161,1,1,0.0,1.0
3162,1,1,0.0,1.0
3163,0,0,1.0,4.638e-42
3164,0,0,1.0,0.0
3165,1,0,4.1453603e-07,0.99999964
3166,1,0,0.0,1.0
3167,0,0,1.0,0.0
3168,1,0,0.0036135176,0.9963865
3169,1,1,0.0,1.0
3170,0,0,1.0,0.0
3171,0,0,1.0,0.0
3172,0,0,1.0,0.0
3173,0,0,1.0,0.0
3174,1,1,0.0,1.0
3175,1,1,0.0,1.0
3176,0,0,1.0,0.0
3177,0,0,1.0,0.0
3178,0,0,1.0,0.0
3179,1,1,0.0,1.0
3180,1,1,3.55e-43,1.0
3181,1,0,9.650755e-23,1.0
3182,0,1,1.0,0.0
3183,1,0,0.0,1.0
3184,0,0,1.0,2.8942076e-27
3185,1,1,0.0,1.0
3186,0,0,1.0,6.451287e-32
3187,0,0,1.0,0.0
3188,0,0,1.0,0.0
3189,0,0,1.0,0.0
3190,1,1,0.0029491405,0.9970509
3191,1,1,0.0,1.0
3192,0,0,1.0,0.0
3193,0,0,1.0,0.0
3194,0,1,0.5669619,0.43303812
3195,0,0,1.0,0.0
3196,0,0,1.0,0.0
3197,0,0,1.0,0.0
3198,1,1,0.0,1.0
3199,0,0,1.0,0.0
3200,0,1,1.0,3.7851285e-33
3201,0,0,1.0,8.847765e-29
3202,0,0,1.0,0.0
3203,0,1,1.0,0.0
3204,0,0,1.0,0.0
3205,0,1,1.0,0.0
3206,0,1,1.0,1.79948e-40
3207,1,1,0.0,1.0
3208,1,1,0.0,1.0
3209,1,1,0.0,1.0
3210,0,0,1.0,0.0
3211,1,1,1.7481813e-20,1.0
3212,0,0,1.0,1.6272752e-32
3213,0,0,1.0,0.0
3214,0,1,1.0,0.0
3215,0,0,1.0,0.0
3216,0,0,1.0,0.0
3217,0,0,1.0,8.634658e-16
3218,0,0,1.0,8.8059265e-33
3219,0,0,1.0,0.0
3220,0,0,1.0,0.0
3221,0,0,1.0,2.3856454e-13
3222,0,0,1.0,0.0
3223,1,0,8.988315e-10,1.0
3224,0,0,1.0,0.0
3225,0,0,1.0,0.0
3226,1,1,0.0,1.0
3227,0,0,1.0,0.0
3228,0,0,1.0,0.0
3229,1,1,0.0,1.0
3230,0,1,1.0,5.189465e-35
3231,0,0,1.0,6.484243e-34
3232,1,1,0.0,1.0
3233,0,0,1.0,0.0
3234,1,1,0.0,1.0
3235,0,0,1.0,0.0
3236,0,0,1.0,0.0
3237,0,0,1.0,0.0
3238,0,0,1.0,0.0
3239,0,1,1.0,0.0
3240,0,0,1.0,0.0
3241,1,1,0.0,1.0
3242,1,1,0.0,1.0
3243,0,0,1.0,2.421662e-35
3244,0,0,1.0,1.7611769e-31
3245,1,1,0.0,1.0
3246,0,1,1.0,2.6941514e-26
3247,0,0,1.0,0.0
3248,0,0,1.0,1e-45
3249,1,1,0.0,1.0
3250,0,0,1.0,2.979014e-27
3251,1,1,2.335192e-09,1.0
3252,1,1,0.0,1.0
3253,0,0,1.0,0.0
3254,0,1,1.0,1.108235e-21
3255,0,0,1.0,0.0
3256,1,1,0.0,1.0
3257,1,1,1.687259e-38,1.0
3258,0,0,1.0,0.0
3259,1,1,0.0,1.0
3260,0,0,1.0,0.0
3261,0,0,1.0,1.02771446e-35
3262,0,0,1.0,0.0
3263,0,0,1.0,0.0
3264,1,1,0.0,1.0
3265,0,0,1.0,0.0
3266,0,1,1.0,0.0
3267,1,1,0.0,1.0
3268,1,1,0.0,1.0
3269,1,1,0.0,1.0
3270,0,0,1.0,0.0
3271,0,0,1.0,0.0
3272,1,1,0.0,1.0
3273,1,1,0.0,1.0
3274,0,0,1.0,3.3661563e-23
3275,1,0,0.0,1.0
3276,1,1,0.0,1.0
3277,0,0,1.0,0.0
3278,0,0,1.0,0.0
3279,1,1,0.0,1.0
3280,1,1,0.0,1.0
3281,0,1,1.0,0.0
3282,1,1,0.0,1.0
3283,0,0,1.0,0.0
3284,0,0,1.0,0.0
3285,1,1,0.0,1.0
3286,0,0,1.0,0.0
3287,0,0,1.0,1.331e-42
3288,0,0,1.0,0.0
3289,1,1,0.0,1.0
3290,0,0,1.0,0.0
3291,0,1,1.0,0.0
3292,0,0,0.99711394,0.0028860003
3293,0,0,1.0,0.0
3294,0,0,1.0,3.9167484e-36
3295,1,1,0.0,1.0
3296,1,1,1.983774e-08,1.0
3297,0,0,1.0,0.0
3298,0,0,1.0,0.0
3299,0,0,1.0,1.794e-42
3300,1,0,1.7554751e-09,1.0
3301,0,0,1.0,4.0132663e-17
3302,1,1,0.0,1.0
3303,0,0,1.0,0.0
3304,0,1,1.0,0.0
3305,0,0,1.0,1.147951e-28
3306,0,1,1.0,0.0
3307,1,1,0.0,1.0
3308,0,0,1.0,0.0
3309,1,1,0.0,1.0
3310,0,0,1.0,0.0
3311,0,0,1.0,0.0
3312,0,0,1.0,0.0
3313,0,0,1.0,0.0
3314,1,1,1.1564221e-18,1.0
3315,1,1,0.0,1.0
3316,1,1,1.4291048e-37,1.0
3317,0,0,1.0,0.0
3318,0,1,1.0,0.0
3319,0,0,1.0,3.5495515e-18
3320,1,1,0.0,1.0
3321,0,0,1.0,7.102013e-12
3322,0,0,1.0,0.0
3323,1,1,8.9978724e-13,1.0
3324,0,0,1.0,0.0
3325,0,0,1.0,0.0
3326,0,0,1.0,0.0
3327,0,0,1.0,0.0
3328,1,1,0.0,1.0
3329,0,0,1.0,0.0
3330,1,1,0.0,1.0
3331,1,1,0.0,1.0
3332,0,0,1.0,0.0
3333,0,0,1.0,0.0
3334,0,0,1.0,3.630372e-34
3335,1,1,0.0,1.0
3336,1,1,0.0,1.0
3337,0,0,1.0,0.0
3338,0,0,1.0,0.0
3339,1,1,0.0,1.0
3340,0,0,1.0,1.494012e-10
3341,1,1,0.0,1.0
3342,0,0,1.0,7.65e-42
3343,1,1,0.0,1.0
3344,0,1,1.0,0.0
3345,0,0,1.0,0.0
3346,0,0,1.0,0.0
3347,0,0,1.0,0.0
3348,0,0,1.0,0.0
3349,0,0,1.0,0.0
3350,0,0,1.0,0.0
3351,0,0,1.0,0.0
3352,0,0,1.0,0.0
3353,0,0,1.0,0.0
3354,0,0,1.0,0.0
3355,0,0,1.0,0.0
3356,1,1,0.0,1.0
3357,1,1,0.0,1.0
3358,0,0,1.0,0.0
3359,0,0,1.0,4.786786e-33
3360,1,1,8.8981384e-27,1.0
3361,0,0,1.0,1.2183767e-26
3362,0,0,1.0,1.38477e-24
3363,0,0,1.0,0.0
3364,0,0,1.0,0.0
3365,1,1,0.0,1.0
3366,0,0,1.0,0.0
3367,0,0,1.0,0.0
3368,0,0,1.0,0.0
3369,1,0,0.033462685,0.9665373
3370,0,1,1.0,0.0
3371,0,0,1.0,0.0
3372,0,1,1.0,7.143594e-32
3373,0,0,1.0,0.0
3374,0,0,1.0,0.0
3375,1,1,0.0,1.0
3376,1,1,0.0,1.0
3377,0,0,1.0,0.0
3378,0,0,1.0,0.0
3379,1,1,0.0,1.0
3380,0,0,1.0,0.0
3381,0,0,1.0,0.0
3382,0,0,1.0,0.0
3383,0,1,1.0,0.0
3384,0,0,1.0,0.0
3385,1,1,0.0,1.0
3386,0,1,1.0,0.0
3387,0,0,1.0,0.0
3388,1,1,0.0,1.0
3389,0,0,1.0,0.0
3390,1,1,0.0,1.0
3391,1,1,0.0,1.0
3392,0,0,1.0,0.0
3393,0,0,1.0,4.1624e-41
3394,1,0,1.008981e-09,1.0
3395,1,1,0.0,1.0
3396,0,1,1.0,0.0
3397,0,0,1.0,0.0
3398,0,0,1.0,6.0656567e-15
3399,0,0,1.0,0.0
3400,0,0,1.0,0.0
3401,0,1,1.0,0.0
3402,1,0,0.008014723,0.9919852
3403,0,1,1.0,0.0
3404,0,0,1.0,0.0
3405,1,1,0.0,1.0
3406,0,0,1.0,0.0
3407,0,0,1.0,0.0
3408,0,0,1.0,0.0
3409,0,0,1.0,0.0
3410,0,0,1.0,0.0
3411,1,1,0.0,1.0
3412,0,0,1.0,0.0
3413,0,0,1.0,0.0
3414,0,1,1.0,2.732284e-16
3415,0,0,1.0,0.0
3416,0,0,1.0,0.0
3417,1,1,0.0,1.0
3418,1,0,6.138541e-14,1.0
3419,0,0,1.0,0.0
3420,1,0,0.0,1.0
3421,1,1,0.0,1.0
3422,0,0,1.0,0.0
3423,0,0,1.0,0.0
3424,0,0,1.0,0.0
3425,0,0,1.0,0.0
3426,1,0,7.681849e-15,1.0
3427,0,0,1.0,0.0
3428,0,0,1.0,0.0
3429,0,0,1.0,0.0
3430,0,0,1.0,0.0
3431,0,0,1.0,0.0
3432,1,1,0.0,1.0
3433,0,0,1.0,0.0
3434,1,1,4.375413e-24,1.0
3435,0,1,1.0,0.0
3436,1,0,0.0,1.0
3437,0,0,0.9999683,3.1710675e-05
3438,1,1,0.0,1.0
3439,0,0,1.0,0.0
3440,0,0,1.0,0.0
3441,0,0,1.0,0.0
3442,1,1,2.4377603e-36,1.0
3443,0,0,1.0,0.0
3444,1,0,3.1692316e-13,1.0
3445,0,0,1.0,0.0
3446,0,0,1.0,0.0
3447,0,0,1.0,0.0
3448,0,0,1.0,0.0
3449,0,0,1.0,0.0
3450,0,0,1.0,0.0
3451,0,0,1.0,0.0
3452,0,0,1.0,3.6720158e-27
3453,0,0,1.0,0.0
3454,0,0,1.0,0.0
3455,0,0,1.0,0.0
3456,0,1,1.0,0.0
3457,0,0,1.0,0.0
3458,0,0,1.0,0.0
3459,1,1,1.1276292e-37,1.0
3460,0,0,1.0,0.0
3461,1,1,6.9196176e-15,1.0
3462,0,1,1.0,0.0
3463,0,1,1.0,2.8297816e-22
3464,0,0,1.0,2.9641508e-36
3465,0,1,1.0,0.0
3466,0,1,1.0,0.0
3467,1,1,0.0,1.0
3468,0,0,1.0,0.0
3469,0,0,1.0,0.0
3470,0,0,1.0,0.0
3471,1,1,0.0,1.0
3472,0,0,1.0,0.0
3473,0,1,1.0,0.0
3474,0,0,1.0,8.117451e-24
3475,0,0,1.0,0.0
3476,0,0,1.0,6.2592935e-32
3477,0,0,1.0,0.0
3478,0,0,1.0,0.0
3479,0,0,1.0,0.0
3480,0,0,1.0,0.0
3481,0,0,1.0,0.0
3482,0,0,1.0,0.0
3483,0,1,1.0,0.0
3484,1,1,0.0,1.0
3485,0,0,1.0,1e-45
3486,0,1,1.0,0.0
3487,0,0,1.0,0.0
3488,0,0,1.0,0.0
3489,1,0,0.0,1.0
3490,0,0,1.0,0.0
3491,0,0,1.0,0.0
3492,0,0,1.0,0.0
3493,0,0,1.0,0.0
3494,1,1,0.0,1.0
3495,1,1,0.0,1.0
3496,1,1,0.0,1.0
3497,0,0,1.0,0.0
3498,0,0,1.0,0.0
3499,0,1,1.0,0.0
3500,0,0,1.0,0.0
3501,0,0,1.0,0.0
3502,0,0,1.0,0.0
3503,0,0,1.0,0.0
3504,0,0,1.0,0.0
3505,0,0,1.0,1.996901e-39
3506,0,0,1.0,9.405632e-18
3507,0,0,1.0,2.1182795e-27
3508,0,0,1.0,0.0
3509,0,0,1.0,5.102e-42
3510,0,1,1.0,5.1848e-40
3511,0,1,1.0,0.0
3512,0,0,1.0,0.0
3513,0,0,1.0,0.0
3514,0,0,1.0,0.0
3515,0,0,1.0,0.0
3516,1,1,0.0,1.0
3517,0,0,1.0,0.0
3518,0,0,1.0,0.0
3519,0,0,1.0,0.0
3520,1,1,0.0,1.0
3521,1,1,0.0,1.0
3522,0,0,1.0,0.0
3523,0,0,1.0,0.0
3524,1,1,0.0,1.0
3525,0,0,1.0,0.0
3526,0,0,1.0,0.0
3527,0,0,1.0,0.0
3528,0,0,1.0,4.5128343e-19
3529,0,0,1.0,0.0
3530,0,0,1.0,0.0
3531,0,0,1.0,0.0
3532,0,1,1.0,1.5790718e-29
3533,0,0,1.0,0.0
3534,0,0,1.0,0.0
3535,0,0,1.0,0.0
3536,0,0,1.0,0.0
3537,0,0,1.0,0.0
3538,0,0,1.0,0.0
3539,1,1,0.0,1.0
3540,0,0,1.0,0.0
3541,0,0,1.0,0.0
3542,0,1,1.0,0.0
3543,1,1,0.0,1.0
3544,0,0,1.0,0.0
3545,0,0,1.0,0.0
3546,1,1,0.0,1.0
3547,1,1,0.0,1.0
3548,1,1,0.0,1.0
3549,0,1,0.99999976,2.485906e-07
3550,1,1,0.0,1.0
3551,1,1,0.0,1.0
3552,1,1,0.0,1.0
3553,0,0,1.0,0.0
3554,0,0,1.0,0.0
3555,1,1,0.0,1.0
3556,0,0,1.0,0.0
3557,0,0,1.0,0.0
3558,1,1,0.0,1.0
3559,0,0,1.0,0.0
3560,0,0,1.0,0.0
3561,1,1,0.0,1.0
3562,0,0,1.0,0.0
3563,0,0,1.0,0.0
3564,0,0,1.0,0.0
3565,0,0,1.0,0.0
3566,1,1,0.0,1.0
3567,1,1,1.44971e-40,1.0
3568,0,0,1.0,3.3718727e-17
3569,0,0,1.0,4.215393e-09
3570,0,0,1.0,0.0
3571,1,0,0.0,1.0
3572,0,0,1.0,0.0
3573,0,0,1.0,0.0
3574,0,0,1.0,0.0
3575,0,0,1.0,0.0
3576,1,1,0.0,1.0
3577,0,0,1.0,0.0
3578,1,0,1.4185014e-09,1.0
3579,1,1,0.0,1.0
3580,0,0,1.0,0.0
3581,0,0,1.0,4.404e-42
3582,0,0,1.0,0.0
3583,1,1,0.0,1.0
3584,0,0,1.0,0.0
3585,0,0,1.0,0.0
3586,0,1,1.0,0.0
3587,0,0,1.0,0.0
3588,0,0,1.0,0.0
3589,1,1,1.5e-44,1.0
3590,0,0,1.0,0.0
3591,1,1,1.3921204e-33,1.0
3592,0,0,1.0,0.0
3593,0,0,1.0,0.0
3594,0,0,1.0,0.0
3595,0,0,1.0,0.0
3596,0,0,1.0,0.0
3597,0,0,1.0,0.0
3598,0,0,1.0,0.0
3599,0,0,1.0,0.0
3600,0,0,1.0,1.1188e-41
3601,0,0,1.0,1.6636e-40
3602,0,1,1.0,0.0
3603,0,0,1.0,0.0
3604,0,0,1.0,0.0
3605,0,0,1.0,0.0
3606,0,0,1.0,7.93e-43
3607,0,0,1.0,0.0
3608,0,0,1.0,3.3112066e-35
3609,1,1,0.0,1.0
3610,0,0,1.0,0.0
3611,1,1,0.0,1.0
3612,0,0,1.0,0.0
3613,0,0,1.0,0.0
3614,0,0,1.0,0.0
3615,0,0,1.0,0.0
3616,1,1,0.0,1.0
3617,0,0,1.0,0.0
3618,0,0,1.0,0.0
3619,1,1,0.0,1.0
3620,1,1,0.0,1.0
3621,0,0,1.0,0.0
3622,0,0,1.0,1.487e-42
3623,0,0,1.0,9.199162e-15
3624,1,0,0.0005455096,0.99945444
3625,1,1,0.0,1.0
3626,0,0,1.0,0.0
3627,0,0,1.0,0.0
3628,0,1,1.0,0.0
3629,1,1,0.0,1.0
3630,0,0,1.0,0.0
3631,0,0,1.0,0.0
3632,1,1,0.0,1.0
3633,0,0,1.0,2.7832e-40
3634,0,0,1.0,0.0
3635,0,0,1.0,0.0
3636,0,0,1.0,0.0
3637,1,1,0.0,1.0
3638,0,0,1.0,0.0
3639,0,0,1.0,0.0
3640,0,0,1.0,0.0
3641,0,0,1.0,0.0
3642,1,1,0.0,1.0
3643,1,1,0.0,1.0
3644,0,0,1.0,0.0
3645,0,0,1.0,0.0
3646,0,0,1.0,0.0
3647,0,0,1.0,0.0
3648,0,0,1.0,0.0
3649,1,1,5.9e-44,1.0
3650,0,0,1.0,0.0
3651,0,1,1.0,0.0
3652,0,0,1.0,0.0
3653,0,0,1.0,1.1361711e-35
3654,0,0,1.0,0.0
3655,1,1,9.978848e-39,1.0
3656,1,1,0.0,1.0
3657,0,0,0.57057434,0.4294256
3658,0,0,1.0,0.0
3659,1,1,0.0,1.0
3660,0,0,1.0,0.0
3661,0,0,1.0,0.0
3662,0,0,1.0,0.0
3663,1,1,0.0,1.0
3664,0,1,1.0,0.0
3665,1,1,0.0,1.0
3666,0,0,1.0,0.0
3667,0,0,1.0,0.0
3668,0,0,1.0,0.0
3669,0,0,1.0,0.0
3670,1,1,0.0,1.0
3671,0,0,1.0,0.0
3672,0,0,1.0,0.0
3673,0,0,1.0,0.0
3674,1,1,0.0,1.0
3675,1,1,0.0,1.0
3676,0,0,1.0,0.0
3677,0,0,1.0,3e-45
3678,0,0,1.0,0.0
3679,0,0,1.0,0.0
3680,0,0,1.0,0.0
3681,0,0,1.0,0.0
3682,0,0,1.0,0.0
3683,0,0,1.0,0.0
3684,1,1,0.0,1.0
3685,1,1,0.0,1.0
3686,0,1,1.0,1e-45
3687,1,1,0.0,1.0
3688,0,0,1.0,2.034679e-31
3689,0,1,1.0,0.0
3690,0,0,1.0,0.0
3691,0,0,1.0,0.0
3692,1,1,3.1133655e-37,1.0
3693,1,1,0.0,1.0
3694,0,0,1.0,0.0
3695,0,1,1.0,1.6399162e-28
3696,0,0,1.0,0.0
3697,0,0,1.0,0.0
3698,0,0,1.0,0.0
3699,1,1,0.0,1.0
3700,0,0,1.0,0.0
3701,0,0,1.0,1.03873e-40
3702,0,0,1.0,0.0
3703,0,0,1.0,0.0
3704,0,1,1.0,0.0
3705,0,0,1.0,0.0
3706,0,0,1.0,0.0
3707,0,0,1.0,0.0
3708,0,0,1.0,6.009716e-29
3709,0,0,1.0,1.2284311e-23
3710,0,0,1.0,0.0
3711,0,0,1.0,0.0
3712,0,0,1.0,0.0
3713,0,0,1.0,2.9411733e-36
3714,1,1,0.0,1.0
3715,0,0,1.0,0.0
3716,0,0,1.0,0.0
3717,0,1,1.0,1.2e-43
3718,0,0,1.0,0.0
3719,0,1,1.0,0.0
3720,1,1,0.0,1.0
3721,0,0,1.0,0.0
3722,0,0,1.0,0.0
3723,0,0,1.0,0.0
3724,0,0,1.0,0.0
3725,1,1,0.0,1.0
3726,1,1,0.0,1.0
3727,0,0,1.0,0.0
3728,0,0,1.0,7.719945e-39
3729,0,0,1.0,0.0
3730,1,1,0.0,1.0
3731,0,0,1.0,0.0
3732,0,0,1.0,0.0
3733,0,0,1.0,0.0
3734,0,0,1.0,0.0
3735,0,0,1.0,0.0
3736,0,0,1.0,0.0
3737,1,1,0.0,1.0
3738,0,0,1.0,0.0
3739,0,0,1.0,0.0
3740,0,1,1.0,0.0
3741,0,0,1.0,0.0
3742,0,0,1.0,0.0
3743,0,0,1.0,0.0
3744,0,0,1.0,0.0
3745,0,0,1.0,2.3085991e-27
3746,0,0,1.0,0.0
3747,1,1,0.0,1.0
3748,1,0,5.542465e-06,0.9999945
3749,0,0,1.0,0.0
3750,0,0,1.0,7.3e-43
3751,1,1,0.0,1.0
3752,0,0,1.0,0.0
3753,0,0,1.0,0.0
3754,0,0,1.0,0.0
3755,0,0,1.0,0.0
3756,0,0,1.0,0.0
3757,1,1,0.0,1.0
3758,0,1,1.0,0.0
3759,1,1,7.36831e-40,1.0
3760,1,1,4.878442e-33,1.0
3761,0,0,1.0,6.66331e-33
3762,1,0,3.9216654e-37,1.0
3763,0,0,1.0,0.0
3764,0,0,1.0,0.0
3765,0,0,1.0,0.0
3766,0,0,1.0,3e-44
3767,0,0,1.0,1.2998634e-10
3768,1,1,3.4834555e-21,1.0
3769,0,0,1.0,0.0
3770,0,0,1.0,0.0
3771,1,1,0.0,1.0
3772,1,1,0.0,1.0
3773,0,0,1.0,0.0
3774,0,0,1.0,0.0
3775,0,1,1.0,0.0
3776,0,1,1.0,0.0
3777,0,0,1.0,0.0
3778,1,1,0.0,1.0
3779,0,0,1.0,0.0
3780,1,1,0.0,1.0
3781,1,1,0.0,1.0
3782,0,0,1.0,0.0
3783,0,1,1.0,0.0
3784,0,0,1.0,0.0
3785,0,0,1.0,0.0
3786,0,0,1.0,0.0
3787,0,1,1.0,0.0
3788,0,0,1.0,0.0
3789,0,0,1.0,0.0
3790,0,0,1.0,0.0
3791,0,0,1.0,1.1620036e-24
3792,1,1,0.0,1.0
3793,0,0,1.0,7.85892e-40
3794,1,1,0.0,1.0
3795,0,0,1.0,0.0
3796,0,0,1.0,0.0
3797,0,0,1.0,0.0
3798,0,0,1.0,0.0
3799,0,1,1.0,0.0
3800,1,1,0.0,1.0
3801,1,1,0.0,1.0
3802,1,1,0.0,1.0
3803,0,0,1.0,1.6735157e-08
3804,0,0,1.0,0.0
3805,0,0,0.9979538,0.0020462358
3806,0,0,1.0,0.0
3807,1,1,0.0,1.0
3808,0,0,1.0,0.0
3809,0,0,1.0,2.5041985e-30
3810,0,0,1.0,0.0
3811,0,0,1.0,0.0
3812,0,0,1.0,0.0
3813,0,0,1.0,0.0
3814,0,0,1.0,0.0
3815,1,0,0.0,1.0
3816,1,1,0.0,1.0
3817,1,1,0.0,1.0
3818,1,1,0.0,1.0
3819,0,0,1.0,6.071717e-39
3820,1,1,0.0,1.0
3821,1,1,0.0,1.0
3822,0,0,1.0,0.0
3823,0,0,1.0,0.0
3824,0,0,1.0,0.0
3825,0,0,1.0,0.0
3826,0,0,1.0,2.76851e-25
3827,0,0,1.0,0.0
3828,1,1,0.0,1.0
3829,0,0,1.0,0.0
3830,0,0,1.0,0.0
3831,0,0,1.0,2.4485626e-28
3832,0,0,1.0,0.0
3833,0,0,1.0,0.0
3834,0,1,1.0,8.440123e-20
3835,0,1,1.0,1.3267447e-11
3836,1,1,0.0,1.0
3837,1,1,2.2332412e-14,1.0
3838,0,0,1.0,0.0
3839,0,0,1.0,0.0
3840,0,0,1.0,0.0
3841,0,0,1.0,0.0
3842,0,0,1.0,0.0
3843,0,0,1.0,0.0
3844,0,0,1.0,0.0
3845,0,0,1.0,0.0
3846,0,1,1.0,3.9467232e-17
3847,0,0,1.0,0.0
3848,0,0,1.0,9.7e-44
3849,0,0,1.0,0.0
3850,1,1,0.0,1.0
3851,1,1,0.0,1.0
3852,1,1,0.0,1.0
3853,0,0,1.0,1.5893146e-37
3854,0,1,1.0,0.0
3855,1,0,0.0,1.0
3856,0,0,1.0,0.0
3857,0,0,1.0,0.0
3858,1,1,0.0,1.0
3859,1,1,0.0,1.0
3860,1,1,3.7667802e-13,1.0
3861,0,0,1.0,0.0
3862,1,1,0.0,1.0
3863,0,0,1.0,0.0
3864,0,0,1.0,0.0
3865,0,0,1.0,0.0
3866,0,0,1.0,0.0
3867,0,0,1.0,0.0
3868,0,0,1.0,0.0
3869,1,1,0.0,1.0
3870,1,1,0.0,1.0
3871,0,0,1.0,0.0
3872,0,0,1.0,0.0
3873,0,0,1.0,3.6e-44
3874,0,0,1.0,0.0
3875,0,0,1.0,0.0
3876,1,0,0.0,1.0
3877,1,1,0.0,1.0
3878,1,1,0.0,1.0
3879,0,0,1.0,0.0
3880,0,0,1.0,0.0
3881,0,0,1.0,0.0
3882,0,0,1.0,0.0
3883,0,0,1.0,0.0
3884,0,0,1.0,0.0
3885,1,1,0.0,1.0
3886,1,0,0.0,1.0
3887,1,1,0.0,1.0
3888,0,0,1.0,2.625885e-26
3889,1,1,0.0,1.0
3890,0,0,1.0,0.0
3891,0,0,1.0,0.0
3892,1,1,0.0,1.0
3893,0,0,1.0,0.0
3894,0,0,1.0,0.0
3895,0,0,1.0,0.0
3896,0,0,1.0,0.0
3897,0,1,1.0,0.0
3898,0,0,1.0,0.0
3899,0,0,1.0,0.0
3900,1,0,0.0,1.0
3901,0,0,1.0,0.0
3902,0,0,1.0,0.0
3903,0,0,1.0,0.0
3904,0,0,1.0,0.0
3905,0,0,1.0,0.0
3906,1,1,0.0,1.0
3907,0,0,1.0,2.7772782e-33
3908,0,0,1.0,0.0
3909,0,0,1.0,0.0
3910,0,0,1.0,0.0
3911,1,0,0.0,1.0
3912,1,1,0.0,1.0
3913,1,1,0.0,1.0
3914,0,0,1.0,1.5510632e-25
3915,0,0,1.0,5.717e-42
3916,0,0,1.0,0.0
3917,0,0,1.0,0.0
3918,1,1,0.0,1.0
3919,0,0,1.0,0.0
3920,0,0,1.0,0.0
3921,0,0,1.0,0.0
3922,0,0,1.0,3.688704e-37
3923,0,1,1.0,0.0
3924,0,0,1.0,4.2408994e-36
3925,0,0,1.0,0.0
3926,0,0,1.0,0.0
3927,0,0,1.0,0.0
3928,0,0,1.0,0.0
3929,0,0,1.0,0.0
3930,0,0,1.0,0.0
3931,0,0,1.0,0.0
3932,0,0,1.0,0.0
3933,0,0,1.0,0.0
3934,1,1,0.0,1.0
3935,0,0,1.0,0.0
3936,0,0,1.0,0.0
3937,1,1,0.0,1.0
3938,0,0,1.0,0.0
3939,0,0,1.0,0.0
3940,0,0,1.0,9.066e-42
3941,0,1,1.0,2.94629e-40
3942,1,1,0.0,1.0
3943,0,0,1.0,1.101e-41
3944,0,0,1.0,0.0
3945,1,1,0.0,1.0
3946,0,0,1.0,6.80476e-36
3947,1,1,0.0,1.0
3948,0,1,1.0,0.0
3949,0,1,1.0,0.0
3950,0,0,1.0,0.0
3951,0,0,1.0,0.0
3952,0,1,1.0,0.0
3953,1,1,0.0,1.0
3954,0,1,1.0,0.0
3955,0,1,1.0,0.0
3956,1,1,0.0,1.0
3957,1,1,0.0,1.0
3958,0,1,1.0,0.0
3959,0,0,1.0,0.0
3960,0,0,1.0,3e-45
3961,0,0,1.0,5.1434983e-30
3962,1,1,0.0,1.0
3963,0,0,1.0,7.997635e-18
3964,0,1,1.0,0.0
3965,0,0,1.0,0.0
3966,0,0,1.0,0.0
3967,0,0,1.0,0.0
3968,0,0,1.0,0.0
3969,0,0,0.99999774,2.309192e-06
3970,0,1,1.0,0.0
3971,0,1,1.0,0.0
3972,0,0,1.0,0.0
3973,1,1,0.0,1.0
3974,1,1,1.927032e-34,1.0
3975,0,0,1.0,0.0
3976,0,0,1.0,0.0
3977,1,1,0.0,1.0
3978,0,0,1.0,0.0
3979,1,0,0.0,1.0
3980,0,0,1.0,0.0
3981,0,0,1.0,0.0
3982,0,0,1.0,0.0
3983,0,0,1.0,0.0
3984,1,1,0.0,1.0
3985,0,0,1.0,0.0
3986,0,0,1.0,0.0
3987,0,0,1.0,0.0
3988,0,0,1.0,0.0
3989,0,0,1.0,0.0
3990,0,0,1.0,0.0
3991,0,0,1.0,0.0
3992,0,0,1.0,0.0
3993,0,0,1.0,0.0
3994,0,0,1.0,0.0
3995,0,0,1.0,7.573e-42
3996,0,1,1.0,0.0
3997,0,0,1.0,2.4730313e-16
3998,1,1,0.0,1.0
3999,0,1,1.0,0.0
4000,0,0,1.0,0.0
4001,0,0,1.0,0.0
4002,1,1,0.0,1.0
4003,0,0,1.0,0.0
4004,0,0,1.0,0.0
4005,1,1,0.0,1.0
4006,0,0,1.0,0.0
4007,1,1,0.0,1.0
4008,0,0,1.0,0.0
4009,1,1,0.0,1.0
4010,0,0,1.0,0.0
4011,0,0,1.0,0.0
4012,0,0,1.0,0.0
4013,0,0,1.0,3.7633297e-26
4014,0,0,1.0,0.0
4015,0,0,1.0,1e-45
4016,0,0,1.0,0.0
4017,0,0,1.0,0.0
4018,0,0,1.0,0.0
4019,0,0,1.0,2.295e-42
4020,0,0,1.0,0.0
4021,0,0,1.0,3.101692e-20
4022,0,0,1.0,0.0
4023,1,1,0.0,1.0
4024,0,0,1.0,0.0
4025,0,0,1.0,0.0
4026,1,1,0.0,1.0
4027,1,1,0.0,1.0
4028,0,0,1.0,1.6735366e-21
4029,0,0,1.0,0.0
4030,0,0,1.0,0.0
4031,0,1,1.0,0.0
4032,0,0,1.0,1.3856165e-15
4033,0,0,1.0,0.0
4034,0,0,1.0,0.0
4035,1,1,0.0,1.0
4036,0,0,1.0,0.0
4037,1,1,0.0,1.0
4038,1,1,0.0,1.0
4039,1,1,0.0,1.0
4040,0,0,1.0,0.0
4041,1,1,0.0,1.0
4042,0,0,1.0,0.0
4043,0,0,1.0,0.0
4044,0,0,1.0,1.326e-42
4045,0,0,1.0,8.292328e-28
4046,0,0,1.0,0.0
4047,0,1,1.0,0.0
4048,0,0,1.0,0.0
4049,0,0,1.0,0.0
4050,0,0,1.0,0.0
4051,0,0,1.0,0.0
4052,0,0,1.0,0.0
4053,0,1,1.0,0.0
4054,0,0,1.0,0.0
4055,0,0,1.0,0.0
4056,1,1,0.0,1.0
4057,0,0,1.0,0.0
4058,1,0,0.0,1.0
4059,0,1,1.0,0.0
4060,1,1,0.0,1.0
4061,0,0,1.0,0.0
4062,0,0,1.0,0.0
4063,0,0,1.0,3.2016035e-20
4064,1,1,0.0,1.0
4065,1,0,0.11160909,0.8883909
4066,0,0,1.0,0.0
4067,0,0,1.0,0.0
4068,0,0,1.0,0.0
4069,1,1,0.0,1.0
4070,0,0,1.0,0.0
4071,0,0,1.0,0.0
4072,0,0,1.0,0.0
4073,0,0,1.0,0.0
4074,1,1,7.749543e-23,1.0
4075,0,0,1.0,0.0
4076,1,1,0.0,1.0
4077,0,1,1.0,0.0
4078,0,0,1.0,0.0
4079,0,0,1.0,0.0
4080,0,0,1.0,0.0
4081,0,0,1.0,0.0
4082,0,0,1.0,0.0
4083,0,0,1.0,0.0
4084,0,0,1.0,0.0
4085,0,0,1.0,0.0
4086,0,0,1.0,0.0
4087,0,0,1.0,0.0
4088,0,0,1.0,6.863329e-39
4089,1,1,0.0,1.0
4090,0,0,1.0,0.0
4091,0,0,1.0,0.0
4092,0,0,1.0,0.0
4093,0,0,1.0,0.0
4094,0,0,0.9999963,3.6790377e-06
4095,0,0,1.0,0.0
4096,0,0,1.0,0.0
4097,0,1,1.0,0.0
4098,0,0,1.0,0.0
4099,1,1,0.0,1.0
4100,0,0,1.0,0.0
4101,0,0,1.0,0.0
4102,0,0,1.0,1.3740017e-35
4103,0,0,1.0,4.5763013e-19
4104,0,1,1.0,0.0
4105,0,0,1.0,0.0
4106,0,0,1.0,0.0
4107,0,0,1.0,0.0
4108,0,0,1.0,0.0
4109,0,0,1.0,0.0
4110,0,1,1.0,0.0
4111,0,0,1.0,0.0
4112,0,0,1.0,3.7974343e-34
4113,1,1,0.0,1.0
4114,1,1,0.0,1.0
4115,1,0,5.182e-42,1.0
4116,0,0,1.0,0.0
4117,0,0,1.0,2.2651e-40
4118,0,0,1.0,2.7269708e-33
4119,1,1,0.0,1.0
4120,0,0,1.0,0.0
4121,0,0,1.0,0.0
4122,1,1,0.0,1.0
4123,0,0,1.0,0.0
4124,0,0,1.0,0.0
4125,0,0,1.0,0.0
4126,0,0,1.0,4.40546e-40
4127,1,0,2.636862e-07,0.99999976
4128,0,0,1.0,3.5150773e-29
4129,0,0,1.0,0.0
4130,0,0,1.0,0.0
4131,0,0,1.0,0.0
4132,1,0,6.899133e-09,1.0
4133,1,1,0.0,1.0
4134,1,1,0.0,1.0
4135,1,1,0.0,1.0
4136,1,0,0.0,1.0
4137,0,0,1.0,0.0
4138,0,0,1.0,0.0
4139,0,0,1.0,0.0
4140,0,0,1.0,0.0
4141,0,1,1.0,0.0
4142,1,1,0.0,1.0
4143,0,0,1.0,0.0
4144,0,0,1.0,1.89e-43
4145,0,0,1.0,3.1688213e-20
4146,0,0,1.0,0.0
4147,0,0,1.0,0.0
4148,0,0,1.0,2.587e-42
4149,1,1,0.0,1.0
4150,0,0,1.0,1.3804e-41
4151,1,1,0.0,1.0
4152,0,0,1.0,0.0
4153,0,0,1.0,5.836772e-10
4154,0,0,1.0,0.0
4155,0,0,1.0,0.0
4156,1,0,2.2814186e-06,0.99999774
4157,1,1,0.0,1.0
4158,0,0,1.0,0.0
4159,1,1,0.0,1.0
4160,1,1,0.0,1.0
4161,0,0,1.0,3e-45
4162,0,0,1.0,0.0
4163,0,0,1.0,0.0
4164,0,1,1.0,0.0
4165,1,1,0.0,1.0
4166,0,0,1.0,0.0
4167,0,1,1.0,0.0
4168,1,1,0.0,1.0
4169,0,0,1.0,0.0
4170,0,0,1.0,0.0
4171,1,1,0.0,1.0
4172,1,1,0.0,1.0
4173,0,0,1.0,0.0
4174,0,0,1.0,0.0
4175,0,0,1.0,8.645671e-30
4176,0,0,1.0,1.9279402e-15
4177,0,0,1.0,0.0
4178,0,1,1.0,0.0
4179,0,1,1.0,0.0
4180,0,0,1.0,0.0
4181,0,0,1.0,0.0
4182,0,0,1.0,0.0
4183,1,1,0.0,1.0
4184,0,0,1.0,0.0
4185,0,0,1.0,0.0
4186,0,0,1.0,0.0
4187,0,0,1.0,0.0
4188,0,0,1.0,0.0
4189,1,1,0.0,1.0
4190,1,0,7.287062e-35,1.0
4191,0,0,1.0,0.0
4192,0,0,1.0,0.0
4193,0,0,1.0,0.0
4194,0,0,1.0,0.0
4195,0,0,1.0,0.0
4196,0,0,1.0,0.0
4197,1,0,2.259e-42,1.0
4198,0,0,1.0,0.0
4199,0,0,1.0,0.0
4200,0,0,1.0,0.0
4201,0,0,1.0,0.0
4202,1,1,0.0,1.0
4203,1,1,0.0,1.0
4204,0,0,1.0,2.6676735e-34
4205,0,1,1.0,0.0
4206,0,0,1.0,0.0
4207,1,1,0.0,1.0
4208,1,1,0.0,1.0
4209,0,0,1.0,0.0
4210,0,0,1.0,2.614821e-25
4211,0,0,1.0,8.4e-43
4212,0,0,1.0,0.0
4213,1,1,0.0,1.0
4214,0,0,1.0,5e-44
4215,0,0,1.0,0.0
4216,0,1,1.0,0.0
4217,0,0,1.0,0.0
4218,0,0,1.0,0.0
4219,0,0,1.0,0.0
4220,0,0,0.9999913,8.6494465e-06
4221,0,0,1.0,0.0
4222,0,0,1.0,0.0
4223,0,0,1.0,0.0
4224,0,1,1.0,0.0
4225,0,0,1.0,0.0
4226,1,1,0.0,1.0
4227,1,1,0.0,1.0
4228,1,1,0.0,1.0
4229,0,0,1.0,2.6851702e-36
4230,0,0,1.0,0.0
4231,0,0,1.0,0.0
4232,1,1,0.0,1.0
4233,1,1,0.0,1.0
4234,1,1,0.0,1.0
4235,1,1,0.0,1.0
4236,0,0,1.0,0.0
4237,1,1,0.0,1.0
4238,0,0,1.0,0.0
4239,0,0,1.0,0.0
4240,0,0,1.0,0.0
4241,0,0,1.0,5.296681e-29
4242,1,1,0.0,1.0
4243,1,1,0.0,1.0
4244,1,1,0.0,1.0
4245,0,0,1.0,0.0
4246,1,1,0.0,1.0
4247,0,0,1.0,0.0
4248,0,0,1.0,0.0
4249,0,0,1.0,7.2872416e-13
4250,0,0,1.0,0.0
4251,0,0,1.0,9.313277e-31
4252,1,1,1.0865928e-28,1.0
4253,0,0,1.0,1.5369683e-33
4254,0,0,1.0,3.3141948e-24
4255,1,1,1.1707168e-14,1.0
4256,0,0,1.0,0.0
4257,0,0,1.0,2.0550853e-31
4258,0,0,1.0,0.0
4259,1,1,0.0,1.0
4260,0,0,1.0,0.0
4261,0,0,1.0,0.0
4262,0,1,1.0,3.0420473e-28
4263,0,0,1.0,0.0
4264,0,0,1.0,0.0
4265,1,1,0.0,1.0
4266,0,1,1.0,0.0
4267,1,0,1.5e-44,1.0
4268,1,1,0.0,1.0
4269,0,0,1.0,0.0
4270,0,0,1.0,0.0
4271,0,0,1.0,0.0
4272,1,1,0.0,1.0
4273,0,0,1.0,0.0
4274,1,1,0.0,1.0
4275,0,0,1.0,1.5860885e-12
4276,0,0,1.0,0.0
4277,0,0,1.0,0.0
4278,1,1,0.0,1.0
4279,0,0,1.0,7.812787e-18
4280,0,0,1.0,0.0
4281,1,1,0.0,1.0
4282,0,1,1.0,0.0
4283,0,0,1.0,0.0
4284,1,1,0.0,1.0
4285,0,0,1.0,0.0
4286,0,1,1.0,0.0
4287,0,0,1.0,5.6866237e-31
4288,0,0,1.0,0.0
4289,1,1,0.0,1.0
4290,1,0,5.917025e-19,1.0
4291,0,0,1.0,0.0
4292,0,0,1.0,0.0
4293,1,1,0.0,1.0
4294,0,0,1.0,0.0
4295,0,0,1.0,0.0
4296,1,1,0.0,1.0
4297,1,1,0.0,1.0
4298,0,0,1.0,0.0
4299,0,1,1.0,1.6547058e-24
4300,1,0,6.358899e-06,0.9999937
4301,0,0,1.0,4.260457e-20
4302,1,1,1.8159264e-30,1.0
4303,0,0,1.0,3.0703133e-09
4304,1,0,0.0,1.0
4305,1,1,0.0,1.0
4306,1,1,0.0,1.0
4307,0,0,1.0,0.0
4308,0,0,1.0,0.0
4309,1,1,0.0,1.0
4310,1,0,2.0802773e-24,1.0
4311,0,0,1.0,9.518802e-38
4312,0,0,1.0,0.0
4313,0,1,1.0,0.0
4314,1,1,0.0,1.0
4315,0,0,1.0,0.0
4316,0,0,1.0,0.0
4317,0,0,1.0,0.0
4318,1,0,0.0,1.0
4319,0,0,1.0,0.0
4320,0,0,1.0,0.0
4321,0,0,1.0,8.7039916e-27
4322,0,0,1.0,1.79427e-38
4323,0,0,1.0,0.0
4324,1,1,0.0,1.0
4325,0,0,1.0,0.0
4326,0,0,1.0,3.538614e-33
4327,0,0,1.0,0.0
4328,0,0,1.0,0.0
4329,0,0,1.0,0.0
4330,1,1,0.0,1.0
4331,0,0,1.0,6.177153e-31
4332,1,0,8.085122e-25,1.0
4333,0,0,1.0,0.0
4334,0,0,1.0,0.0
4335,0,0,0.9873218,0.012678128
4336,0,0,1.0,0.0
4337,1,1,2.2723366e-37,1.0
4338,0,0,1.0,0.0
4339,0,0,1.0,0.0
4340,1,1,0.0,1.0
4341,0,0,1.0,1.0526788e-30
4342,0,0,1.0,4.3834845e-08
4343,0,0,1.0,0.0
4344,1,1,0.0,1.0
4345,0,0,1.0,0.0
4346,0,0,1.0,0.0
4347,0,0,1.0,4.7945396e-31
4348,0,0,1.0,0.0
4349,0,0,1.0,0.0
4350,1,0,1.0375764e-16,1.0
4351,0,0,1.0,0.0
4352,1,1,0.0,1.0
4353,0,0,1.0,0.0
4354,1,1,0.0,1.0
4355,1,0,3.8105028e-07,0.99999964
4356,0,1,1.0,8.8162696e-35
4357,1,0,1.9373485e-29,1.0
4358,1,1,0.0,1.0
4359,1,1,0.0,1.0
4360,0,0,1.0,0.0
4361,0,0,1.0,0.0
4362,0,0,1.0,0.0
4363,1,1,0.0,1.0
4364,0,0,1.0,0.0
4365,0,0,1.0,0.0
4366,0,0,1.0,0.0
4367,0,0,1.0,0.0
4368,0,0,1.0,0.0
4369,1,1,0.0,1.0
4370,1,1,5.1060066e-21,1.0
4371,0,0,1.0,0.0
4372,0,0,1.0,0.0
4373,0,0,1.0,0.0
4374,0,0,0.9999691,3.0893523e-05
4375,1,1,0.0,1.0
4376,0,1,1.0,0.0
4377,0,0,1.0,0.0
4378,0,0,1.0,0.0
4379,0,0,1.0,2.1397948e-11
4380,0,0,1.0,5.979953e-25
4381,0,0,1.0,0.0
4382,0,0,1.0,7.1247544e-34
4383,0,0,1.0,0.0
4384,0,0,1.0,0.0
4385,1,1,0.0,1.0
4386,1,1,0.0,1.0
4387,0,0,1.0,0.0
4388,0,0,1.0,1.6651118e-21
4389,0,0,1.0,0.0
4390,0,0,1.0,0.0
4391,0,0,1.0,0.0
4392,0,0,1.0,9.91641e-40
4393,0,0,1.0,0.0
4394,0,0,1.0,0.0
4395,0,0,1.0,0.0
4396,0,0,1.0,0.0
4397,0,0,1.0,0.0
4398,0,0,1.0,0.0
4399,1,1,0.0,1.0
4400,1,0,1.8827934e-05,0.99998116
4401,0,0,1.0,0.0
4402,0,0,1.0,0.0
4403,0,0,1.0,0.0
4404,1,1,0.0,1.0
4405,0,0,1.0,7.1269923e-09
4406,1,0,0.0,1.0
4407,1,1,0.0,1.0
4408,0,0,1.0,0.0
4409,1,1,0.0,1.0
4410,0,0,1.0,0.0
4411,0,0,1.0,0.0
4412,0,0,1.0,0.0
4413,0,0,1.0,1.6458173e-16
4414,0,0,1.0,0.0
4415,0,0,1.0,0.0
4416,1,1,0.0,1.0
4417,0,0,1.0,0.0
4418,1,1,0.0,1.0
4419,0,0,1.0,0.0
4420,0,0,1.0,0.0
4421,0,0,1.0,0.0
4422,0,0,1.0,0.0
4423,0,0,1.0,0.0
4424,0,0,1.0,2.7024574e-34
4425,0,0,1.0,2.35e-40
4426,0,0,1.0,0.0
4427,1,1,0.0,1.0
4428,0,1,1.0,0.0
4429,1,1,0.0,1.0
4430,1,1,0.0,1.0
4431,0,0,1.0,0.0
4432,0,0,1.0,0.0
4433,0,0,1.0,2.3e-43
4434,0,0,1.0,0.0
4435,0,0,1.0,0.0
4436,1,0,0.001831859,0.9981681
4437,0,0,1.0,0.0
4438,1,1,0.0,1.0
4439,1,1,0.0,1.0
4440,0,0,1.0,1.77e-42
4441,0,0,1.0,0.0
4442,1,1,0.0,1.0
4443,0,0,1.0,2.6858376e-35
4444,0,0,1.0,0.0
4445,0,0,1.0,0.0
4446,0,0,1.0,0.0
4447,0,0,1.0,0.0
4448,1,1,0.0,1.0
4449,0,0,1.0,0.0
4450,1,1,0.0,1.0
4451,1,1,0.0,1.0
4452,0,0,1.0,0.0
4453,0,0,1.0,0.0
4454,0,0,1.0,0.0
4455,0,0,1.0,0.0
4456,0,0,1.0,0.0
4457,0,0,1.0,0.0
4458,0,0,1.0,0.0
4459,1,1,0.0,1.0
4460,0,0,1.0,6.8125724e-30
4461,0,0,1.0,0.0
4462,0,0,1.0,0.0
4463,0,0,1.0,0.0
4464,0,0,1.0,0.0
4465,0,0,1.0,0.0
4466,0,0,1.0,0.0
4467,0,0,1.0,1.02034376e-19
4468,1,1,0.0,1.0
4469,0,0,1.0,0.0
4470,0,0,1.0,0.0
4471,0,0,1.0,0.0
4472,1,1,0.0,1.0
4473,0,0,1.0,2.9477988e-22
4474,0,0,1.0,0.0
4475,0,0,1.0,0.0
4476,1,1,0.0,1.0
4477,0,0,1.0,0.0
4478,0,0,1.0,0.0
4479,0,0,1.0,0.0
4480,1,1,0.0,1.0
4481,0,0,1.0,0.0
4482,0,0,1.0,0.0
4483,0,0,1.0,0.0
4484,0,0,1.0,0.0
4485,0,0,1.0,0.0
4486,0,0,1.0,5.2312812e-21
4487,0,0,1.0,0.0
4488,0,0,1.0,0.0
4489,0,0,1.0,0.0
4490,0,0,1.0,0.0
4491,1,1,0.0,1.0
4492,0,0,1.0,0.0
4493,0,0,1.0,0.0
4494,1,1,0.0,1.0
4495,1,1,0.0,1.0
4496,0,0,1.0,0.0
4497,0,0,0.73242444,0.2675756
4498,0,0,1.0,0.0
4499,0,0,1.0,0.0
4500,0,0,1.0,0.0
4501,0,0,0.9912081,0.008791934
4502,0,0,1.0,0.0
4503,1,1,0.0,1.0
4504,0,0,1.0,0.0
4505,1,1,0.0,1.0
4506,1,1,0.0,1.0
4507,0,0,1.0,0.0
4508,1,1,4.8263605e-06,0.99999523
4509,0,0,1.0,1.5871399e-29
4510,0,0,1.0,0.0
4511,1,1,1e-44,1.0
4512,0,1,1.0,3.0074057e-38
4513,1,1,0.0,1.0
4514,1,1,0.0,1.0
4515,0,1,1.0,0.0
4516,0,0,1.0,0.0
4517,1,1,0.026316714,0.9736833
4518,0,0,1.0,0.0
4519,0,0,1.0,0.0
4520,0,0,1.0,0.0
4521,0,0,1.0,0.0
4522,0,0,1.0,0.0
4523,0,0,1.0,0.0
4524,0,1,1.0,2.83625e-33
4525,0,0,1.0,0.0
4526,0,0,1.0,0.0
4527,0,0,1.0,0.0
4528,1,1,3.6634663e-35,1.0
4529,0,0,1.0,0.0
4530,0,0,1.0,0.0
4531,0,0,1.0,0.0
4532,0,0,1.0,0.0
4533,1,1,0.0,1.0
4534,1,1,0.0,1.0
4535,1,1,0.0,1.0
4536,0,1,1.0,9.720255e-15
4537,0,1,1.0,0.0
4538,1,1,0.0,1.0
4539,0,0,1.0,0.0
4540,0,0,1.0,0.0
4541,0,0,1.0,0.0
4542,0,0,1.0,7.9761506e-19
4543,1,1,0.0,1.0
4544,0,0,1.0,0.0
4545,0,0,1.0,0.0
4546,0,0,1.0,0.0
4547,0,0,1.0,0.0
4548,0,0,1.0,0.0
4549,0,0,1.0,0.0
4550,0,0,1.0,0.0
4551,0,0,1.0,0.0
4552,0,0,1.0,0.0
4553,1,0,0.0,1.0
4554,1,1,0.0,1.0
4555,0,0,1.0,0.0
4556,0,0,1.0,0.0
4557,1,1,0.0,1.0
4558,1,0,8.745552e-29,1.0
4559,0,0,1.0,1.1296663e-21
4560,1,1,0.0,1.0
4561,0,0,1.0,0.0
4562,1,1,3.2531795e-25,1.0
4563,1,1,0.0,1.0
4564,1,1,0.0,1.0
4565,0,0,1.0,0.0
4566,0,0,1.0,0.0
4567,0,0,1.0,0.0
4568,0,0,1.0,0.0
4569,0,0,1.0,0.0
4570,0,0,1.0,0.0
4571,0,0,1.0,5.8423725e-37
4572,0,0,1.0,0.0
4573,0,0,1.0,0.0
4574,0,0,1.0,3.1510487e-23
4575,0,0,1.0,0.0
4576,1,0,0.0,1.0
4577,0,0,1.0,0.0
4578,0,0,1.0,0.0
4579,1,1,5.65482e-25,1.0
4580,0,1,1.0,0.0
4581,1,1,0.0,1.0
4582,1,1,0.0,1.0
4583,1,0,2.1856e-41,1.0
4584,0,0,1.0,0.0
4585,0,0,1.0,0.0
4586,1,1,0.0,1.0
4587,0,0,1.0,0.0
4588,0,0,1.0,0.0
4589,0,0,1.0,0.0
4590,0,0,1.0,4.4008885e-10
4591,1,1,0.0,1.0
4592,0,0,1.0,5.6951946e-25
4593,0,0,1.0,0.0
4594,1,1,0.0,1.0
4595,1,1,7.3150104e-09,1.0
4596,0,0,1.0,0.0
4597,0,0,1.0,0.0
4598,0,0,1.0,0.0
4599,0,0,1.0,0.0
4600,0,0,1.0,0.0
4601,0,0,1.0,1.2101637e-34
4602,1,1,0.0,1.0
4603,0,0,1.0,0.0
4604,0,0,1.0,1.0032572e-19
4605,0,0,1.0,0.0
4606,1,1,0.0,1.0
4607,0,0,1.0,0.0
4608,0,1,1.0,0.0
4609,0,0,1.0,0.0
4610,0,0,1.0,1.2876192e-25
4611,0,0,1.0,0.0
4612,0,0,1.0,0.0
4613,0,0,1.0,0.0
4614,0,0,1.0,3.54802e-40
4615,0,0,1.0,0.0
4616,0,0,1.0,0.0
4617,0,0,1.0,0.0
4618,0,0,1.0,0.0
4619,0,0,1.0,0.0
4620,0,1,1.0,0.0
4621,1,1,0.0,1.0
4622,0,0,1.0,0.0
4623,1,1,0.0,1.0
4624,0,0,1.0,0.0
4625,0,0,1.0,0.0
4626,0,0,1.0,0.0
4627,0,0,1.0,1.1566923e-31
4628,0,0,1.0,0.0
4629,1,1,0.0,1.0
4630,0,1,1.0,0.0
4631,1,1,0.0,1.0
4632,0,0,1.0,0.0
4633,0,0,1.0,0.0
4634,1,1,0.0,1.0
4635,0,0,1.0,6.3821786e-27
4636,1,1,0.0,1.0
4637,0,0,1.0,3.7118213e-24
4638,0,0,1.0,0.0
4639,1,1,0.0,1.0
4640,0,0,1.0,0.0
4641,0,0,1.0,0.0
4642,1,1,0.0,1.0
4643,0,0,1.0,0.0
4644,0,0,1.0,0.0
4645,1,1,0.0,1.0
4646,1,1,0.0,1.0
4647,0,1,1.0,0.0
4648,0,0,1.0,0.0
4649,0,0,1.0,0.0
4650,0,0,1.0,0.0
4651,0,0,1.0,0.0
4652,1,1,0.0,1.0
4653,0,0,1.0,0.0
4654,1,0,1.819811e-10,1.0
4655,0,0,1.0,0.0
4656,1,1,1.4315263e-16,1.0
4657,0,0,1.0,0.0
4658,0,0,1.0,0.0
4659,0,0,1.0,0.0
4660,0,0,1.0,0.0
4661,0,1,1.0,1.3112306e-14
4662,1,1,6.8472974e-09,1.0
4663,0,0,1.0,0.0
4664,0,0,1.0,0.0
4665,0,0,1.0,0.0
4666,0,0,1.0,0.0
4667,0,0,1.0,2.5734323e-14
4668,0,0,1.0,0.0
4669,0,0,1.0,0.0
4670,0,0,1.0,0.0
4671,0,0,1.0,0.0
4672,0,1,1.0,0.0
4673,0,0,1.0,0.0
4674,0,0,1.0,0.0
4675,0,1,1.0,0.0
4676,0,0,1.0,5.48e-42
4677,0,0,1.0,0.0
4678,1,1,0.0,1.0
4679,1,1,0.0,1.0
4680,1,1,0.0,1.0
4681,0,0,1.0,0.0
4682,0,0,1.0,0.0
4683,0,0,1.0,0.0
4684,0,0,1.0,0.0
4685,1,1,0.0,1.0
4686,1,1,6.435831e-08,0.9999999
4687,1,1,0.0,1.0
4688,0,1,1.0,0.0
4689,0,0,1.0,0.0
4690,0,0,1.0,0.0
4691,1,0,0.0,1.0
4692,0,0,1.0,0.0
4693,0,1,1.0,2.4e-43
4694,0,0,1.0,0.0
4695,0,0,1.0,0.0
4696,0,0,1.0,0.0
4697,0,0,1.0,0.0
4698,1,1,0.0,1.0
4699,0,1,1.0,0.0
4700,0,0,1.0,0.0
4701,0,0,1.0,0.0
4702,1,1,0.0,1.0
4703,0,0,1.0,0.0
4704,0,0,1.0,0.0
4705,0,0,1.0,0.0
4706,1,1,0.0,1.0
4707,0,0,1.0,0.0
4708,1,0,3.564512e-14,1.0
4709,0,1,1.0,0.0
4710,0,0,1.0,0.0
4711,0,0,1.0,0.0
4712,1,1,0.0,1.0
4713,0,0,1.0,1.9411192e-31
4714,1,1,0.0,1.0
4715,0,0,1.0,0.0
4716,0,1,1.0,0.0
4717,0,0,1.0,0.0
4718,0,1,1.0,0.0
4719,0,0,1.0,0.0
4720,1,1,0.0,1.0
4721,0,0,1.0,8.221595e-18
4722,0,0,1.0,0.0
4723,0,0,1.0,0.0
4724,0,0,1.0,0.0
4725,0,0,1.0,1.1681e-41
4726,1,1,0.0,1.0
4727,0,0,1.0,0.0
4728,1,0,0.0,1.0
4729,0,0,1.0,0.0
4730,1,1,0.0005528713,0.99944717
4731,0,0,1.0,0.0
4732,1,1,0.0,1.0
4733,0,0,1.0,0.0
4734,0,0,1.0,0.0
4735,0,0,1.0,0.0
4736,1,1,0.0,1.0
4737,0,0,1.0,0.0
4738,1,1,0.0,1.0
4739,0,0,1.0,0.0
4740,0,0,1.0,0.0
4741,0,0,1.0,0.0
4742,0,1,1.0,0.0
4743,0,0,1.0,0.0
4744,0,0,1.0,0.0
4745,0,0,1.0,0.0
4746,1,1,0.0,1.0
4747,0,0,1.0,0.0
4748,1,1,0.0,1.0
4749,0,1,1.0,0.0
4750,0,0,1.0,0.0
4751,1,1,0.0,1.0
4752,0,0,1.0,8.173288e-24
4753,0,1,1.0,4.4284723e-18
4754,0,0,1.0,0.0
4755,0,0,1.0,0.0
4756,0,0,1.0,0.0
4757,0,0,1.0,0.0
4758,0,1,1.0,0.0
4759,0,0,1.0,0.0
4760,0,0,1.0,0.0
4761,0,0,1.0,0.0
4762,0,0,1.0,0.0
4763,0,0,1.0,0.0
4764,0,0,1.0,0.0
4765,0,0,1.0,3.7144636e-20
4766,1,0,0.0,1.0
4767,1,1,0.0,1.0
4768,1,1,0.0,1.0
4769,0,0,1.0,0.0
4770,0,0,1.0,0.0
4771,0,0,1.0,0.0
4772,0,0,1.0,0.0
4773,0,0,1.0,0.0
4774,0,0,1.0,0.0
4775,0,0,1.0,0.0
4776,1,1,2.6624406e-17,1.0
4777,0,0,1.0,9.607179e-18
4778,0,1,1.0,0.0
4779,0,0,1.0,0.0
4780,0,0,1.0,0.0
4781,0,0,1.0,0.0
4782,0,0,1.0,0.0
4783,0,0,1.0,0.0
4784,0,1,1.0,3.5354498e-37
4785,0,0,1.0,1.6684656e-10
4786,0,0,1.0,0.0
4787,0,0,1.0,0.0
4788,1,1,0.0,1.0
4789,0,0,1.0,0.0
4790,0,1,1.0,0.0
4791,0,1,1.0,0.0
4792,0,0,1.0,1.8109664e-15
4793,0,0,1.0,0.0
4794,1,1,0.0,1.0
4795,0,0,1.0,0.0
4796,1,1,4.0496e-41,1.0
4797,0,0,1.0,0.0
4798,0,0,1.0,0.0
4799,0,1,1.0,0.0
4800,1,1,0.0,1.0
4801,0,1,1.0,7.4200304e-33
4802,0,0,1.0,0.0
4803,0,1,1.0,0.0
4804,0,0,1.0,0.0
4805,1,1,0.0,1.0
4806,1,1,0.0,1.0
4807,0,0,1.0,0.0
4808,0,0,1.0,0.0
4809,0,0,1.0,0.0
4810,0,0,1.0,0.0
4811,0,0,1.0,0.0
4812,0,1,1.0,0.0
4813,0,0,1.0,0.0
4814,1,1,0.0,1.0
4815,1,0,0.0,1.0
4816,1,1,0.0,1.0
4817,1,1,0.0,1.0
4818,0,0,1.0,6.2356154e-21
4819,1,0,1.530009e-08,1.0
4820,0,0,1.0,0.0
4821,0,0,1.0,0.0
4822,0,0,1.0,0.0
4823,0,0,1.0,0.0
4824,0,0,1.0,4e-45
4825,0,0,1.0,0.0
4826,0,0,1.0,0.0
4827,0,0,1.0,2.5283605e-36
4828,0,0,1.0,0.0
4829,0,0,1.0,0.0
4830,1,1,0.0,1.0
4831,0,1,1.0,0.0
4832,0,0,1.0,0.0
4833,1,1,3.3987638e-07,0.99999964
4834,0,0,1.0,8.254481e-37
4835,0,0,1.0,0.0
4836,0,1,1.0,0.0
4837,0,0,1.0,1.1570684e-37
4838,0,0,1.0,0.0
4839,1,1,1.1018132e-17,1.0
4840,1,1,0.0,1.0
4841,0,0,1.0,0.0
4842,0,1,1.0,0.0
4843,1,0,0.32346272,0.6765373
4844,0,0,1.0,0.0
4845,1,0,2.9186337e-26,1.0
4846,0,1,1.0,0.0
4847,0,1,1.0,0.0
4848,1,1,0.0,1.0
4849,0,1,1.0,1e-45
4850,0,0,1.0,1.494e-42
4851,0,0,1.0,0.0
4852,0,0,1.0,0.0
4853,0,0,1.0,5.793174e-36
4854,0,0,1.0,0.0
4855,1,0,0.00018655787,0.9998135
4856,0,0,1.0,0.0
4857,0,0,1.0,0.0
4858,0,1,1.0,0.0
4859,0,1,1.0,0.0
4860,0,1,1.0,0.0
4861,0,0,1.0,0.0
4862,0,0,1.0,0.0
4863,0,0,1.0,0.0
4864,0,0,1.0,0.0
4865,0,0,1.0,0.0
4866,0,0,1.0,0.0
4867,0,0,1.0,0.0
4868,0,0,1.0,0.0
4869,0,0,1.0,0.0
4870,1,1,0.0,1.0
4871,0,0,1.0,0.0
4872,0,0,1.0,0.0
4873,0,0,1.0,0.0
4874,0,0,1.0,0.0
4875,0,0,1.0,0.0
4876,0,0,1.0,0.0
4877,0,0,1.0,0.0
4878,0,0,1.0,0.0
4879,0,0,1.0,1.721e-42
4880,0,0,1.0,0.0
4881,1,1,0.0,1.0
4882,0,0,1.0,0.0
4883,0,0,1.0,0.0
4884,1,1,2.7049003e-20,1.0
4885,0,1,1.0,0.0
4886,1,0,2.1904595e-22,1.0
4887,0,0,1.0,0.0
4888,0,0,1.0,1.9667725e-33
4889,0,0,1.0,0.0
4890,0,0,1.0,0.0
4891,0,0,1.0,0.0
4892,0,0,1.0,1.4394e-41
4893,0,0,1.0,0.0
4894,0,0,1.0,0.0
4895,1,1,0.0,1.0
4896,1,1,0.0,1.0
4897,0,0,1.0,0.0
4898,1,0,3.073e-42,1.0
4899,0,1,1.0,0.0
4900,0,0,1.0,0.0
4901,1,1,0.0,1.0
4902,0,0,1.0,0.0
4903,0,0,1.0,0.0
4904,1,1,0.0,1.0
4905,0,0,1.0,0.0
4906,0,0,1.0,0.0
4907,1,1,0.0,1.0
4908,0,0,1.0,0.0
4909,0,0,1.0,5.6e-44
4910,0,0,1.0,0.0
4911,1,1,0.0,1.0
4912,0,0,1.0,0.0
4913,1,0,0.0,1.0
4914,0,1,1.0,0.0
4915,0,0,1.0,0.0
4916,0,0,1.0,0.0
4917,0,1,1.0,0.0
4918,0,0,1.0,0.0
4919,0,0,1.0,0.0
4920,0,0,1.0,0.0
4921,1,1,0.0,1.0
4922,0,0,1.0,0.0
4923,1,1,0.0,1.0
4924,0,0,1.0,0.0
4925,0,0,1.0,0.0
4926,1,0,0.0022860349,0.9977139
4927,0,1,1.0,0.0
4928,1,1,0.0,1.0
4929,1,1,0.0,1.0
4930,1,1,0.0,1.0
4931,0,0,1.0,0.0
4932,0,0,1.0,0.0
4933,0,1,1.0,0.0
4934,0,0,1.0,0.0
4935,0,0,1.0,0.0
4936,0,0,1.0,4.994497e-09
4937,0,0,1.0,0.0
4938,1,1,0.0,1.0
4939,1,1,0.0,1.0
4940,0,1,1.0,0.0
4941,0,0,1.0,0.0
4942,0,0,1.0,0.0
4943,1,1,3.1281e-41,1.0
4944,1,1,2.093743e-21,1.0
4945,0,0,1.0,2.656599e-38
4946,0,0,1.0,0.0
4947,1,1,0.0,1.0
4948,0,0,1.0,2.4481143e-28
4949,1,1,7e-45,1.0
4950,1,1,0.0,1.0
4951,0,0,1.0,0.0
4952,0,0,1.0,0.0
4953,1,1,0.0,1.0
4954,1,1,0.0,1.0
4955,0,0,1.0,0.0
4956,0,1,1.0,0.0
4957,1,0,0.0,1.0
4958,1,0,2.1727173e-14,1.0
4959,0,0,1.0,0.0
4960,0,0,1.0,1.7297409e-34
4961,1,1,0.0,1.0
4962,1,1,0.0,1.0
4963,1,0,0.0,1.0
4964,0,1,1.0,0.0
4965,1,1,0.0,1.0
4966,0,1,1.0,2.6398502e-15
4967,0,1,1.0,0.0
4968,0,0,1.0,0.0
4969,1,1,0.0,1.0
4970,1,1,0.0,1.0
4971,0,0,1.0,0.0
4972,0,1,1.0,0.0
4973,0,0,1.0,0.0
4974,0,0,1.0,0.0
4975,1,0,0.00061995786,0.99938
4976,0,0,1.0,0.0
4977,0,0,1.0,0.0
4978,0,0,1.0,4.438286e-31
4979,0,0,1.0,0.0
4980,0,0,1.0,1.3660755e-32
4981,1,1,0.0,1.0
4982,0,1,1.0,0.0
4983,0,0,1.0,0.0
4984,0,0,1.0,2.571038e-14
4985,1,1,0.0,1.0
4986,1,1,0.0,1.0
4987,0,0,1.0,0.0
4988,0,0,1.0,0.0
4989,1,1,0.0,1.0
4990,0,0,1.0,0.0
4991,1,0,0.0,1.0
4992,1,1,0.0,1.0
4993,0,0,1.0,0.0
4994,0,0,1.0,0.0
4995,0,0,1.0,1e-45
4996,0,0,1.0,2.3952e-41
4997,0,0,1.0,0.0
4998,0,0,1.0,0.0
4999,0,0,1.0,0.0
